instance,benchmark_name,class,width,width,width,width,ubound,ubound,ubound,ubound,abs_improvement,abs_improvement,abs_improvement,time,time,time,time,solver,solver_config,wall,wall,solver_args,wall,wall
count,,,mean,amin,amax,std,mean,amin,amax,std,count_nonzero,sum,amax,mean,amin,amax,std,,,amax,amin,,std,mean
180,networks,atmost1000,34.9448275862,9.0,250.0,30.3639450185,38.0896551724,9.0,250.0,30.4580579653,106,456,10,989.705555556,7.7269,7200.12,1968.8485483,tw-limprovement,jdrasil-b75t1800-n1,7199.4883,0.0,"-w 3600 -b 100 -r 10 -s jdrasil -a '"" -log -t 1800 -e PBLib_incremental ""'",1981.67424372,912.703515
180,networks,atmost1000,34.9507042254,9.0,250.0,30.7017978231,38.0211267606,9.0,250.0,30.8357507145,100,436,10,1101.94514944,6.8761,7200.14,2201.46386501,tw-limprovement,jdrasil-b100-n1,7199.4468,0.0,"-w 1800 -b 100 -r 10 -s jdrasil -a '"" -log -t 900 -e PBLib_incremental ""'",2169.64696736,999.056905
180,networks,atmost1000,34.8490566038,9.0,250.0,29.6116613788,37.0943396226,9.0,250.0,29.3203157746,107,357,9,66.73086,9.4463,326.584,45.6385425571,tw-limprovement,jdrasil-b75-n1,325.9966,0.0,"-w 1800 -b 75 -r 10 -s jdrasil -a '"" -log -t 900 -e PBLib_incremental ""'",49.0276726021,57.8986061111
180,networks,atmost1000,32.8796296296,9.0,250.0,32.264594638,36.0740740741,9.0,250.0,32.5681754254,79,345,12,3002.82643,6.8728,7200.33,3181.67851663,tw-limprovement,jdrasil-b125-n1,7199.5495,0.0,"-w 1800 -b 125 -r 10 -s jdrasil -a '"" -log -t 900 -e PBLib_incremental ""'",3119.27265768,2500.43756944
180,networks,atmost1000,35.0314465409,9.0,250.0,29.676615988,37.0943396226,9.0,250.0,29.3203157746,101,328,8,73.1505194444,4.1137,729.309,117.474199493,tw-limprovement,tcs-b75-n1,728.6349,0.0,-w 1800 -b 75 -r 10,118.458761626,67.9742788889
180,networks,atmost1000,36.0338983051,9.0,250.0,33.4786402637,38.5338983051,9.0,250.0,33.4215965296,82,295,10,2787.02118,4.6453,7200.1,3149.34009869,tw-limprovement,tcs-b100-n1,7199.5441,0.0,-w 1800 -b 100 -r 10,3011.08904416,2249.44838111
180,networks,atmost1000,30.5975609756,9.0,250.0,36.0496433283,33.012195122,9.0,250.0,36.1954549709,58,198,10,4045.15979278,7.2858,7200.41,3368.5147646,tw-limprovement,jdrasil-b150-n1,7199.5002,0.0,"-w 1800 -b 150 -r 10 -s jdrasil -a '"" -log -t 900 -e PBLib_incremental ""'",3421.06497302,3402.78894333
180,networks,atmost1000,36.4779874214,9.0,250.0,29.6188522923,37.0943396226,9.0,250.0,29.3203157746,50,98,4,20.4222761111,7.7757,87.1764,8.85924892927,tw-limprovement,jdrasil-b50-n1,86.4969,0.0,"-w 1800 -b 50 -r 10 -s jdrasil -a '"" -log -t 900 -e PBLib_incremental ""'",10.4878550364,17.5741722222
180,networks,atmost1000,36.5283018868,9.0,250.0,29.2078564341,37.0943396226,9.0,250.0,29.3203157746,51,90,9,5.30337666667,1.7257,50.7623,4.71705470402,tw-limprovement,htd-b150-n1,49.7743,0.0,-w 1800 -b 150 -r 10 -s htd_main,4.89212742947,4.27140722222
180,networks,atmost1000,36.296875,9.0,250.0,44.6669082039,37.484375,9.0,250.0,44.6862047487,37,76,7,4718.80901222,4.8269,7200.14,3278.44020099,tw-limprovement,tcs-b125-n1,7199.5462,0.0,-w 1800 -b 125 -r 10,3451.86150167,4018.94057056
180,networks,atmost1000,35.8363636364,9.0,250.0,47.346541051,37.0727272727,9.0,250.0,47.6654446407,29,68,14,5051.38217389,4.5646,7200.11,3212.85752825,tw-limprovement,tcs-b150-n1,7199.5287,0.0,-w 1800 -b 150 -r 10,3458.28019604,4290.64834
180,networks,atmost1000,36.679245283,9.0,250.0,29.5464279052,37.0943396226,9.0,250.0,29.3203157746,42,66,4,18.1130611111,3.8488,360.653,34.1643235971,tw-limprovement,tcs-b50-n1,360.0778,0.0,-w 1800 -b 50 -r 10,34.3590525645,15.8208944444
180,networks,atmost1000,36.748427673,9.0,250.0,29.3770703129,37.0943396226,9.0,250.0,29.3203157746,34,55,4,5.64132722222,1.7932,50.2001,4.56832376709,tw-limprovement,htd-b100-n1,49.5682,0.0,-w 1800 -b 100 -r 10 -s htd_main,4.79509605867,4.539365
180,networks,atmost1000,37.0817610063,9.0,250.0,29.3309290581,37.0943396226,9.0,250.0,29.3203157746,2,2,1,14.8087255556,5.988,84.441,8.03227002277,tw-limprovement,jdrasil-b25-n1,83.8868,0.0,"-w 1800 -b 25 -r 10 -s jdrasil -a '"" -log -t 900 -e PBLib_incremental ""'",9.15137340103,12.8430116667
118,networks,atmost200,27.8928571429,9.0,65.0,16.0838987482,30.0357142857,9.0,65.0,17.3450433583,19,60,8,252.392733051,2.6213,7200.1,1307.08933357,tw-limprovement,tcs-b100-n1,7199.5353,0.0,-w 1800 -b 100 -r 10,1307.61648377,249.025938983
118,networks,atmost200,27.5483870968,9.0,65.0,16.3866586175,29.2580645161,9.0,65.0,16.6312311469,20,53,5,66.8970754237,2.7334,7200.1,662.306706872,tw-limprovement,tcs-b75-n1,7199.5493,0.0,-w 1800 -b 75 -r 10,662.545011054,63.8743855932
118,networks,atmost200,28.3703703704,9.0,65.0,16.8777234797,30.0,9.0,65.0,17.5433528942,16,44,6,334.350516102,4.4326,7200.11,1455.89136689,tw-limprovement,jdrasil-b75t1800-n1,7199.4236,0.0,"-w 3600 -b 100 -r 10 -s jdrasil -a '"" -log -t 1800 -e PBLib_incremental ""'",1457.50714025,326.039244915
118,networks,atmost200,28.3703703704,9.0,65.0,16.8777234797,30.0,9.0,65.0,17.5433528942,16,44,6,335.625973729,4.6221,7200.11,1455.79951424,tw-limprovement,jdrasil-b100-n1,7199.4065,0.0,"-w 1800 -b 100 -r 10 -s jdrasil -a '"" -log -t 900 -e PBLib_incremental ""'",1457.56101219,326.618948305
118,networks,atmost200,26.1153846154,9.0,65.0,15.2743626331,27.8076923077,9.0,65.0,15.8921848234,17,44,6,378.649016102,2.5344,7200.11,1586.84753832,tw-limprovement,tcs-b125-n1,7199.462,0.0,-w 1800 -b 125 -r 10,1587.48864499,375.255478814
118,networks,atmost200,26.1153846154,9.0,65.0,15.2743626331,27.8076923077,9.0,65.0,15.8921848234,17,44,6,379.428812712,3.1116,7200.1,1586.89200196,tw-limprovement,tcs-b150-n1,7199.4219,0.0,-w 1800 -b 150 -r 10,1587.57064096,375.8719
118,networks,atmost200,29.1785714286,9.0,65.0,17.2949437514,30.5714285714,9.0,65.0,17.4789366814,15,39,5,257.467676271,5.0191,7200.12,1306.06023886,tw-limprovement,jdrasil-b75-n1,7199.585,0.0,"-w 1800 -b 75 -r 10 -s jdrasil -a '"" -log -t 900 -e PBLib_incremental ""'",1307.57637036,248.344732203
118,networks,atmost200,26.24,9.0,65.0,15.6239132955,27.68,9.0,65.0,16.0512720161,15,36,6,457.036188136,5.7954,7200.13,1706.63170276,tw-limprovement,jdrasil-b150-n1,7199.3644,0.0,"-w 1800 -b 150 -r 10 -s jdrasil -a '"" -log -t 900 -e PBLib_incremental ""'",1708.71959568,448.071220339
118,networks,atmost200,26.24,9.0,65.0,15.6239132955,27.68,9.0,65.0,16.0512720161,15,36,6,457.145235593,5.2537,7200.12,1706.87913299,tw-limprovement,jdrasil-b125-n1,7199.5373,0.0,"-w 1800 -b 125 -r 10 -s jdrasil -a '"" -log -t 900 -e PBLib_incremental ""'",1708.88810261,448.354647458
118,networks,atmost200,28.625,9.0,65.0,16.8460773648,29.65625,9.0,65.0,16.5151140455,15,33,4,5.42003474576,2.3025,54.3919,5.58973783902,tw-limprovement,tcs-b50-n1,53.8658,0.0,-w 1800 -b 50 -r 10,6.34609268103,2.43076101695
118,networks,atmost200,28.625,9.0,65.0,16.8460773648,29.65625,9.0,65.0,16.5151140455,15,33,4,12.8152521368,5.7466,56.3166,5.23838418545,tw-limprovement,jdrasil-b50-n1,55.7349,0.0,"-w 1800 -b 50 -r 10 -s jdrasil -a '"" -log -t 900 -e PBLib_incremental ""'",7.85111015966,4.02459576271
118,networks,atmost200,29.0,9.0,65.0,16.3529616534,29.65625,9.0,65.0,16.5151140455,11,21,3,1.87086355932,0.9775,4.5168,0.522845771358,tw-limprovement,htd-b100-n1,3.9703,0.0,-w 1800 -b 100 -r 10 -s htd_main,0.856895226452,0.459441525424
118,networks,atmost200,29.03125,9.0,65.0,16.3756002106,29.65625,9.0,65.0,16.5151140455,11,20,3,1.89258898305,0.9701,3.6124,0.500167945774,tw-limprovement,htd-b150-n1,3.0501,0.0,-w 1800 -b 150 -r 10 -s htd_main,0.824469526961,0.450874576271
118,networks,atmost200,29.5,9.0,65.0,16.6559105076,29.65625,9.0,65.0,16.5151140455,4,5,2,16.6075279661,3.8869,33.5075,6.42552523141,tw-limprovement,jdrasil-b25-n1,25.279,0.0,"-w 1800 -b 25 -r 10 -s jdrasil -a '"" -log -t 900 -e PBLib_incremental ""'",7.77518268075,4.32159576271
279,networks,atmost2000,56.1450381679,7.0,122.0,29.7052500248,60.7404580153,7.0,122.0,29.5709284957,96,602,16,3231.17666057,10.486,7200.38,3317.91366219,tw-limprovement,jdrasil-b125-n1,7199.5701,0.0,"-w 1800 -b 125 -r 10 -s jdrasil -a '"" -log -t 900 -e PBLib_incremental ""'",3340.67640777,3074.73707957
279,networks,atmost2000,53.0777777778,7.0,122.0,28.0636657587,56.2888888889,7.0,122.0,26.9509152194,115,578,13,1889.41119534,10.0096,7200.15,2952.96321935,tw-limprovement,jdrasil-b75t1800-n1,7199.5493,0.0,"-w 3600 -b 100 -r 10 -s jdrasil -a '"" -log -t 1800 -e PBLib_incremental ""'",2961.40744909,1874.22237455
279,networks,atmost2000,52.6888888889,7.0,122.0,31.9024652791,58.8888888889,7.0,122.0,34.6917224348,76,558,20,4642.15520108,8.3054,7200.17,3183.66447057,tw-limprovement,jdrasil-b150-n1,7199.5674,0.0,"-w 1800 -b 150 -r 10 -s jdrasil -a '"" -log -t 900 -e PBLib_incremental ""'",3347.73770568,4155.41788638
279,networks,atmost2000,54.3470588235,7.0,122.0,28.3359519821,57.4470588235,7.0,122.0,27.2238174013,105,527,13,1971.97316093,12.8274,7200.15,3044.86600859,tw-limprovement,jdrasil-b100-n1,7199.5704,0.0,"-w 1800 -b 100 -r 10 -s jdrasil -a '"" -log -t 900 -e PBLib_incremental ""'",3053.16902452,1957.33970251
279,networks,atmost2000,47.6303317536,7.0,203.0,30.3314362994,50.1232227488,7.0,203.0,29.8914541226,141,526,15,1417.57987446,5.8847,7200.13,2210.77662038,tw-limprovement,tcs-b100-n1,7199.5579,0.0,-w 1800 -b 100 -r 10,2170.73944124,1298.38356237
279,networks,atmost2000,46.9411764706,7.0,122.0,28.0888566333,48.4537815126,7.0,122.0,27.2886579116,133,360,10,95.036897482,13.226,907.082,129.922604756,tw-limprovement,jdrasil-b75-n1,906.0167,0.0,"-w 1800 -b 75 -r 10 -s jdrasil -a '"" -log -t 900 -e PBLib_incremental ""'",132.395477962,88.6820064516
279,networks,atmost2000,47.4978540773,7.0,122.0,28.1394502286,48.7339055794,7.0,122.0,27.4362507292,122,288,11,394.408967742,5.9237,7200.2,1130.34924969,tw-limprovement,tcs-b75-n1,7199.614,0.0,-w 1800 -b 75 -r 10,1131.70834529,389.674246953
279,networks,atmost2000,52.83,7.0,122.0,35.7511192168,54.84,7.0,122.0,35.8097441736,66,201,19,4497.20143369,6.367,7200.18,3279.29054278,tw-limprovement,tcs-b125-n1,7199.4849,0.0,-w 1800 -b 125 -r 10,3412.92645449,3919.12175269
279,networks,atmost2000,47.7945205479,7.0,122.0,37.4295482296,49.6849315068,7.0,122.0,37.8079491613,56,138,11,5328.09122545,6.2172,7200.13,2989.04619956,tw-limprovement,tcs-b150-n1,7199.5209,0.0,-w 1800 -b 150 -r 10,3332.49125837,4613.47359534
279,networks,atmost2000,47.8368200837,7.0,122.0,27.4203687389,48.3974895397,7.0,122.0,27.245170607,90,134,6,9.14219354839,3.5835,27.7129,3.78937981725,tw-limprovement,htd-b150-n1,27.117,0.0,-w 1800 -b 150 -r 10 -s htd_main,4.54972422408,7.17868637993
279,networks,atmost2000,48.050209205,7.0,122.0,27.4626864876,48.3974895397,7.0,122.0,27.245170607,59,83,5,9.25953082437,3.1221,27.5185,3.40720391415,tw-limprovement,htd-b100-n1,26.9601,0.0,-w 1800 -b 100 -r 10 -s htd_main,4.30231544575,7.31404014337
279,networks,atmost2000,48.7291666667,7.0,203.0,29.2416991643,49.0416666667,7.0,203.0,28.9617828785,51,75,4,23.6617637993,10.5847,106.84,10.5489418062,tw-limprovement,jdrasil-b50-n1,106.1076,0.0,"-w 1800 -b 50 -r 10 -s jdrasil -a '"" -log -t 900 -e PBLib_incremental ""'",11.8443745547,19.1031985663
279,networks,atmost2000,49.2435897436,7.0,203.0,29.3245210334,49.3931623932,7.0,203.0,29.175643103,31,35,2,230.65378638,5.6124,7200.1,1153.24448052,tw-limprovement,tcs-b50-n1,7199.5724,0.0,-w 1800 -b 50 -r 10,1075.33452131,199.857673477
279,networks,atmost2000,49.0375,7.0,203.0,28.9661945873,49.0416666667,7.0,203.0,28.9617828785,1,1,1,18.1331354839,8.7792,108.189,9.6373383728,tw-limprovement,jdrasil-b25-n1,107.5701,0.0,"-w 1800 -b 25 -r 10 -s jdrasil -a '"" -log -t 900 -e PBLib_incremental ""'",9.57910659735,14.3985577061
210,networks,atmost500,17.2824858757,2.0,125.0,17.1304944249,17.7966101695,2.0,125.0,17.6185397519,38,91,9,207.714423333,4.6001,7200.14,1099.00566565,tw-limprovement,jdrasil-b100-n1,7199.541,0.0,"-w 1800 -b 100 -r 10 -s jdrasil -a '"" -log -t 900 -e PBLib_incremental ""'",704.625314437,99.5188285714
210,networks,atmost500,17.2215909091,2.0,125.0,17.160146179,17.7386363636,2.0,125.0,17.651867934,38,91,9,236.71468,5.1223,7200.12,1199.08641002,tw-limprovement,jdrasil-b75t1800-n1,7199.3174,0.0,"-w 3600 -b 100 -r 10 -s jdrasil -a '"" -log -t 1800 -e PBLib_incremental ""'",856.006945202,128.591809048
210,networks,atmost500,16.8497109827,2.0,125.0,17.1002673183,17.323699422,2.0,125.0,17.5190714738,36,82,12,295.391378571,2.38,7200.1,1379.91730633,tw-limprovement,tcs-b100-n1,7199.5508,0.0,-w 1800 -b 100 -r 10,1202.23167865,222.385424286
210,networks,atmost500,16.1647058824,2.0,125.0,15.8217489879,16.6352941176,2.0,125.0,16.3854077517,35,80,9,493.132025714,4.863,7200.15,1737.67250956,tw-limprovement,jdrasil-b150-n1,7199.3515,0.0,"-w 1800 -b 150 -r 10 -s jdrasil -a '"" -log -t 900 -e PBLib_incremental ""'",1465.27343072,350.934349524
210,networks,atmost500,15.9047619048,2.0,125.0,15.7891185509,16.2857142857,2.0,125.0,16.1631438726,32,64,9,510.782188571,5.0458,7200.14,1794.85652579,tw-limprovement,jdrasil-b125-n1,7199.5116,0.0,"-w 1800 -b 125 -r 10 -s jdrasil -a '"" -log -t 900 -e PBLib_incremental ""'",1605.0123068,401.118622381
210,networks,atmost500,17.4357541899,2.0,125.0,17.3726524036,17.7877094972,2.0,125.0,17.5194808041,38,63,4,21.8572952381,4.985,443.954,48.7802535021,tw-limprovement,jdrasil-b75-n1,443.352,0.0,"-w 1800 -b 75 -r 10 -s jdrasil -a '"" -log -t 900 -e PBLib_incremental ""'",48.5790405277,17.6610852381
210,networks,atmost500,16.1696969697,2.0,125.0,16.7632816809,16.5515151515,2.0,125.0,17.2628199307,30,63,12,714.663897619,2.7867,7200.13,2114.04535677,tw-limprovement,tcs-b125-n1,7199.5705,0.0,-w 1800 -b 125 -r 10,1798.54044784,497.705070476
210,networks,atmost500,17.3707865169,2.0,125.0,17.4413509704,17.7078651685,2.0,125.0,17.5362109605,37,60,3,79.6833361905,2.2127,7200.1,700.244202338,tw-limprovement,tcs-b75-n1,7199.5384,0.0,-w 1800 -b 75 -r 10,496.681662212,42.6006714286
210,networks,atmost500,15.4844720497,2.0,125.0,15.5965162737,15.7826086957,2.0,125.0,15.9858123238,28,48,6,839.966372857,2.9003,7200.12,2292.34951914,tw-limprovement,tcs-b150-n1,7199.4537,0.0,-w 1800 -b 150 -r 10,2018.56842402,622.597879524
210,networks,atmost500,17.5251396648,2.0,125.0,17.4968114064,17.7877094972,2.0,125.0,17.5194808041,31,47,3,11.4122952381,5.0889,88.916,7.45602821149,tw-limprovement,jdrasil-b50-n1,31.2937,0.0,"-w 1800 -b 50 -r 10 -s jdrasil -a '"" -log -t 900 -e PBLib_incremental ""'",5.72471849056,8.40090142857
210,networks,atmost500,17.5168539326,2.0,125.0,17.5181019272,17.7078651685,2.0,125.0,17.5362109605,24,34,2,41.2921766667,2.1979,7200.09,496.451511886,tw-limprovement,tcs-b50-n1,7199.5475,0.0,-w 1800 -b 50 -r 10,496.526518949,39.6883547619
210,networks,atmost500,17.6424581006,2.0,125.0,17.3083595635,17.7877094972,2.0,125.0,17.5194808041,15,26,5,2.91541,1.3599,11.715,1.20806148103,tw-limprovement,htd-b150-n1,11.1514,0.0,-w 1800 -b 150 -r 10 -s htd_main,1.39050381794,1.86663142857
210,networks,atmost500,17.6759776536,2.0,125.0,17.3524610021,17.7877094972,2.0,125.0,17.5194808041,10,20,7,2.76601571429,1.4301,11.9077,1.16961727813,tw-limprovement,htd-b100-n1,11.0393,0.0,-w 1800 -b 100 -r 10 -s htd_main,1.35166746022,1.81248190476
210,networks,atmost500,17.7765363128,2.0,125.0,17.5241505031,17.7877094972,2.0,125.0,17.5194808041,2,2,1,7.08473904762,4.2399,30.6604,2.50873641526,tw-limprovement,jdrasil-b25-n1,30.1005,0.0,"-w 1800 -b 25 -r 10 -s jdrasil -a '"" -log -t 900 -e PBLib_incremental ""'",3.3616111231,5.51732952381
81,networks,atmost5000,44.2133333333,25.0,131.0,25.1096478353,46.1733333333,30.0,131.0,24.4221727642,55,147,6,258.336522222,16.0934,1743.74,319.815530254,tw-limprovement,jdrasil-b75t1800-n1,1742.9523,0.0,"-w 3600 -b 100 -r 10 -s jdrasil -a '"" -log -t 1800 -e PBLib_incremental ""'",320.732547649,256.320377778
81,networks,atmost5000,44.2266666667,25.0,131.0,25.101186218,46.1733333333,30.0,131.0,24.4221727642,55,146,6,254.748848148,16.0076,1810.23,320.025247516,tw-limprovement,jdrasil-b100-n1,1809.3065,0.0,"-w 1800 -b 100 -r 10 -s jdrasil -a '"" -log -t 900 -e PBLib_incremental ""'",320.927140231,252.765553086
81,networks,atmost5000,45.1733333333,27.0,131.0,24.8652440237,46.1733333333,30.0,131.0,24.4221727642,40,75,4,19.5822765432,11.4072,30.4158,4.5385823756,tw-limprovement,htd-b150-n1,29.8515,0.0,-w 1800 -b 150 -r 10 -s htd_main,6.72944164684,17.8278580247
81,networks,atmost5000,45.2,26.0,131.0,24.9285465367,46.1733333333,30.0,131.0,24.4221727642,34,73,6,45.6187333333,15.8971,112.673,19.4438293118,tw-limprovement,jdrasil-b75-n1,111.8331,0.0,"-w 1800 -b 75 -r 10 -s jdrasil -a '"" -log -t 900 -e PBLib_incremental ""'",21.5114539453,43.7370641975
81,networks,atmost5000,48.0980392157,26.0,131.0,28.3945451817,49.4901960784,30.0,131.0,27.7693158353,26,71,6,3170.2223963,37.7731,7200.13,3086.03420825,tw-limprovement,tcs-b100-n1,7199.4515,0.0,-w 1800 -b 100 -r 10,3090.63420558,3164.99512593
81,networks,atmost5000,45.3333333333,28.0,131.0,24.8113603739,46.1733333333,30.0,131.0,24.4221727642,36,63,5,19.743982716,11.9358,33.9097,4.78935819142,tw-limprovement,htd-b100-n1,33.3696,0.0,-w 1800 -b 100 -r 10 -s htd_main,6.92589055899,17.9880012346
81,networks,atmost5000,44.75,26.0,131.0,24.7908149733,45.5972222222,30.0,131.0,24.3557320218,26,61,4,512.657341975,15.7949,7200.11,1441.92139412,tw-limprovement,tcs-b75-n1,7199.5572,0.0,-w 1800 -b 75 -r 10,1442.32560164,510.867266667
81,networks,atmost5000,51.5789473684,28.0,131.0,33.0827231623,53.1842105263,30.0,131.0,32.5043492002,27,61,10,3830.26735802,16.0478,7200.19,3254.39809603,tw-limprovement,jdrasil-b125-n1,7199.5564,0.0,"-w 1800 -b 125 -r 10 -s jdrasil -a '"" -log -t 900 -e PBLib_incremental ""'",3255.75166586,3828.31460617
81,networks,atmost5000,55.9117647059,30.0,131.0,31.9216537574,56.5882352941,30.0,131.0,31.7977678339,11,23,6,4362.90912469,15.9328,7200.22,3097.27044818,tw-limprovement,tcs-b125-n1,7199.568,0.0,-w 1800 -b 125 -r 10,3098.87859107,4361.0603716
81,networks,atmost5000,45.92,28.0,131.0,24.5768293427,46.1733333333,30.0,131.0,24.4221727642,17,19,2,36.836817284,21.8804,101.554,11.9041865741,tw-limprovement,jdrasil-b50-n1,53.2943,0.0,"-w 1800 -b 50 -r 10 -s jdrasil -a '"" -log -t 900 -e PBLib_incremental ""'",11.1334688044,31.0014679012
81,networks,atmost5000,45.2602739726,29.0,131.0,24.3362026831,45.3835616438,30.0,131.0,24.2547991454,9,9,1,488.402682716,17.7981,7200.12,1467.12633183,tw-limprovement,tcs-b50-n1,7199.4956,0.0,-w 1800 -b 50 -r 10,1259.80781489,395.133204938
81,networks,atmost5000,104.333333333,57.0,131.0,27.744368798,104.555555556,59.0,131.0,27.3226605179,1,2,2,5874.25280988,16.1148,7200.35,2798.59089024,tw-limprovement,jdrasil-b150-n1,7199.562,0.0,"-w 1800 -b 150 -r 10 -s jdrasil -a '"" -log -t 900 -e PBLib_incremental ""'",2800.97314309,5872.23024568
81,networks,atmost5000,77.2142857143,38.0,131.0,40.8264216323,77.2857142857,38.0,131.0,40.7910785333,1,1,1,5582.59080988,16.0192,7200.14,2890.04583925,tw-limprovement,tcs-b150-n1,7199.4799,0.0,-w 1800 -b 150 -r 10,2892.28142361,5580.69073951
153,networks,beyond5000,46.1764705882,2.0,108.0,25.162559722,47.6470588235,2.0,108.0,24.9648282001,11,25,6,2018.41540784,52.3136,7200.18,3072.94451408,tw-limprovement,tcs-b100-n1,7199.4993,0.0,-w 1800 -b 100 -r 10,3098.86671277,1977.24223987
153,networks,beyond5000,47.3018867925,2.0,117.0,17.0187508645,47.3773584906,2.0,117.0,17.0059112066,4,4,1,70.2636,55.5215,105.947,12.1569525615,tw-limprovement,jdrasil-b50-n1,105.3942,0.0,"-w 1800 -b 50 -r 10 -s jdrasil -a '"" -log -t 900 -e PBLib_incremental ""'",40.4790304832,29.0389836601
10,pace2016,atmost1000,48.7142857143,4.0,104.0,34.9366774117,50.7142857143,4.0,104.0,36.0171916623,3,14,10,228.73128,8.7586,1918.18,596.4577983,tw-limprovement,jdrasil-b100-n1,1917.6059,0.0,"-w 1800 -b 100 -r 10 -s jdrasil -a '"" -log -t 900 -e PBLib_incremental ""'",598.009435363,224.34192
10,pace2016,atmost1000,48.7142857143,4.0,104.0,34.9366774117,50.7142857143,4.0,104.0,36.0171916623,3,14,10,414.26556,6.9478,3732.26,1167.513446,tw-limprovement,jdrasil-b75t1800-n1,3731.4159,0.0,"-w 3600 -b 100 -r 10 -s jdrasil -a '"" -log -t 1800 -e PBLib_incremental ""'",1169.2214031,408.97111
10,pace2016,atmost1000,41.4,4.0,94.0,37.5739271304,44.0,4.0,104.0,41.273478167,2,13,10,4193.11462,4.7923,7200.11,3585.99483123,tw-limprovement,tcs-b150-n1,7199.4359,0.0,-w 1800 -b 150 -r 10,3529.30522975,2751.91358
10,pace2016,atmost1000,48.8333333333,4.0,104.0,38.2696572583,50.6666666667,4.0,104.0,39.4546152771,2,11,10,761.91697,8.2092,7200.13,2262.75337447,tw-limprovement,jdrasil-b125-n1,7199.4172,0.0,"-w 1800 -b 125 -r 10 -s jdrasil -a '"" -log -t 900 -e PBLib_incremental ""'",2264.45595677,756.57488
10,pace2016,atmost1000,50.2857142857,4.0,104.0,36.0310712474,50.7142857143,4.0,104.0,36.0171916623,1,3,3,1045.91977,4.0635,7200.1,2318.91436827,tw-limprovement,tcs-b100-n1,2712.138,0.0,-w 1800 -b 100 -r 10,851.626552751,289.31224
10,pace2016,atmost1000,45.8333333333,4.0,104.0,37.3010276891,46.3333333333,4.0,104.0,37.355945533,1,3,3,2949.39294,4.7282,7200.11,3582.16226104,tw-limprovement,tcs-b125-n1,7199.408,0.0,-w 1800 -b 125 -r 10,2906.40138784,1508.16454
10,pace2016,atmost1000,50.4285714286,4.0,104.0,35.7810803957,50.7142857143,4.0,104.0,36.0171916623,1,2,2,5.30856,2.6864,9.5125,2.24131243903,tw-limprovement,htd-b150-n1,8.8007,0.0,-w 1800 -b 150 -r 10 -s htd_main,3.03872696132,3.51801
10,pace2016,atmost1000,30.25,4.0,56.0,29.1704759417,30.75,4.0,58.0,29.7699512932,1,2,2,2187.69178,6.8588,7200.14,3459.15212877,tw-limprovement,jdrasil-b150-n1,7199.5144,0.0,"-w 1800 -b 150 -r 10 -s jdrasil -a '"" -log -t 900 -e PBLib_incremental ""'",3463.05895646,2181.32069
54,pace2016,atmost200,23.2666666667,1.0,136.0,31.0801017899,24.1333333333,1.0,142.0,32.3409394365,12,39,11,553.314437037,1.6871,7200.11,1898.14027685,tw-limprovement,tcs-b150-n1,7199.4933,0.0,-w 1800 -b 150 -r 10,1660.52107156,418.927664815
54,pace2016,atmost200,23.8913043478,1.0,142.0,31.5842634944,24.5217391304,1.0,142.0,32.0878925802,12,29,6,424.60557037,1.9783,7200.11,1659.85091337,tw-limprovement,tcs-b100-n1,7199.4025,0.0,-w 1800 -b 100 -r 10,1369.09638595,290.206788889
54,pace2016,atmost200,18.976744186,1.0,138.0,26.4345448339,19.6279069767,1.0,142.0,27.4703504717,10,28,11,694.427942593,4.105,7200.26,2099.54448304,tw-limprovement,jdrasil-b150-n1,7199.4379,0.0,"-w 1800 -b 150 -r 10 -s jdrasil -a '"" -log -t 900 -e PBLib_incremental ""'",2101.87501786,681.175607407
54,pace2016,atmost200,23.6222222222,1.0,142.0,31.8877925409,24.1333333333,1.0,142.0,32.3409394365,11,23,5,552.389461111,1.9475,7200.1,1898.35915754,tw-limprovement,tcs-b125-n1,7199.4658,0.0,-w 1800 -b 125 -r 10,1660.70397588,417.993101852
54,pace2016,atmost200,24.4255319149,1.0,142.0,31.6871560051,24.7659574468,1.0,142.0,31.7813267337,8,16,5,149.544787037,4.5258,7200.12,978.046009982,tw-limprovement,jdrasil-b75-n1,7199.4727,0.0,"-w 1800 -b 75 -r 10 -s jdrasil -a '"" -log -t 900 -e PBLib_incremental ""'",978.197054321,147.886177778
54,pace2016,atmost200,24.347826087,1.0,142.0,32.0410967986,24.6956521739,1.0,142.0,32.1288168093,9,16,5,282.559387037,1.3286,7200.14,1369.7583039,tw-limprovement,tcs-b75-n1,7199.5847,0.0,-w 1800 -b 75 -r 10,1369.84628054,281.53377037
54,pace2016,atmost200,21.6222222222,1.0,142.0,29.8224205536,21.9777777778,1.0,142.0,30.038224806,9,16,5,489.200966667,4.0582,7200.11,1707.61859355,tw-limprovement,jdrasil-b100-n1,7199.5375,0.0,"-w 1800 -b 100 -r 10 -s jdrasil -a '"" -log -t 900 -e PBLib_incremental ""'",1709.05522813,475.559144444
54,pace2016,atmost200,21.2954545455,1.0,142.0,30.0855984596,21.6590909091,1.0,142.0,30.3084478068,9,16,5,640.9023,4.4732,7200.11,1965.69591496,tw-limprovement,jdrasil-b75t1800-n1,7199.3453,0.0,"-w 3600 -b 100 -r 10 -s jdrasil -a '"" -log -t 1800 -e PBLib_incremental ""'",1967.91399045,626.756612963
54,pace2016,atmost200,19.2558139535,1.0,142.0,27.1898904736,19.6279069767,1.0,142.0,27.4703504717,9,16,5,692.370738889,5.0413,7200.12,2100.09456003,tw-limprovement,jdrasil-b125-n1,7199.5553,0.0,"-w 1800 -b 125 -r 10 -s jdrasil -a '"" -log -t 900 -e PBLib_incremental ""'",2102.42284592,679.437314815
54,pace2016,atmost200,24.6041666667,1.0,142.0,31.4119773764,24.8125,1.0,142.0,31.4430632001,5,10,5,8.22338333333,3.8527,27.0718,4.23931714472,tw-limprovement,jdrasil-b50-n1,26.3223,0.0,"-w 1800 -b 50 -r 10 -s jdrasil -a '"" -log -t 900 -e PBLib_incremental ""'",4.76475092211,6.75995
54,pace2016,atmost200,24.5957446809,1.0,142.0,31.7501520534,24.7659574468,1.0,142.0,31.7813267337,5,8,3,142.185435185,1.4371,7200.08,978.700187336,tw-limprovement,tcs-b50-n1,7199.5442,0.0,-w 1800 -b 50 -r 10,978.77620566,141.119424074
54,pace2016,atmost200,24.75,1.0,142.0,31.40368592,24.8125,1.0,142.0,31.4430632001,2,3,2,2.28277592593,1.1113,10.5652,1.45666219092,tw-limprovement,htd-b150-n1,9.9847,0.0,-w 1800 -b 150 -r 10 -s htd_main,1.53476692877,1.5358037037
54,pace2016,atmost200,24.75,1.0,142.0,31.40368592,24.8125,1.0,142.0,31.4430632001,2,3,2,2.43080185185,1.1321,10.4264,1.41312184956,tw-limprovement,htd-b100-n1,9.894,0.0,-w 1800 -b 100 -r 10 -s htd_main,1.52193017725,1.58844814815
54,pace2016,atmost200,24.7916666667,1.0,142.0,31.4080612591,24.8125,1.0,142.0,31.4430632001,1,1,1,7.44151296296,4.1625,26.6645,3.87383633405,tw-limprovement,jdrasil-b25-n1,25.8541,0.0,"-w 1800 -b 25 -r 10 -s jdrasil -a '"" -log -t 900 -e PBLib_incremental ""'",4.3456337448,6.02982037037
37,pace2016,atmost500,76.1,1.0,181.0,65.4843492752,77.1,1.0,181.0,66.0214478707,5,20,8,262.997843243,5.8495,7200.12,1180.26523359,tw-limprovement,jdrasil-b150-n1,7199.3379,0.0,"-w 1800 -b 150 -r 10 -s jdrasil -a '"" -log -t 900 -e PBLib_incremental ""'",1179.57078886,225.575421622
37,pace2016,atmost500,83.1052631579,1.0,181.0,65.586156006,83.8947368421,1.0,181.0,65.7215462191,4,15,7,749.298808108,3.0002,7200.12,2000.66935573,tw-limprovement,tcs-b125-n1,7199.448,0.0,-w 1800 -b 125 -r 10,1688.75790312,524.797016216
37,pace2016,atmost500,78.0476190476,1.0,181.0,64.4681907536,78.4761904762,1.0,181.0,64.6580382069,3,9,5,11.8014027027,2.1448,23.9276,7.25805561985,tw-limprovement,htd-b150-n1,23.2775,0.0,-w 1800 -b 150 -r 10 -s htd_main,6.37063280531,4.36468648649
37,pace2016,atmost500,76.75,1.0,181.0,65.9775679582,77.1,1.0,181.0,66.0214478707,3,7,3,231.596443243,6.6133,7200.13,1177.83874501,tw-limprovement,jdrasil-b125-n1,7198.7471,0.0,"-w 1800 -b 125 -r 10 -s jdrasil -a '"" -log -t 900 -e PBLib_incremental ""'",1180.33603443,215.624589189
37,pace2016,atmost500,77.6875,1.0,181.0,70.0435281331,78.125,1.0,181.0,70.1482952988,3,7,3,1255.87740541,3.0124,7200.12,2659.34541693,tw-limprovement,tcs-b150-n1,7199.4445,0.0,-w 1800 -b 150 -r 10,2481.15318002,1030.40148108
37,pace2016,atmost500,78.380952381,1.0,181.0,64.703536372,78.4761904762,1.0,181.0,64.6580382069,1,2,2,11.7738297297,2.1283,23.8896,7.23297977569,tw-limprovement,htd-b100-n1,23.0865,0.0,-w 1800 -b 100 -r 10 -s htd_main,6.32137481959,4.3675027027
37,pace2016,atmost500,78.380952381,1.0,181.0,64.703536372,78.4761904762,1.0,181.0,64.6580382069,1,2,2,28.011427027,5.172,73.0433,17.1395911919,tw-limprovement,jdrasil-b100-n1,56.8339,0.0,"-w 1800 -b 100 -r 10 -s jdrasil -a '"" -log -t 900 -e PBLib_incremental ""'",16.3998415883,13.6157027027
37,pace2016,atmost500,78.380952381,1.0,181.0,64.703536372,78.4761904762,1.0,181.0,64.6580382069,1,2,2,31.3019378378,5.8885,95.1183,20.6675978622,tw-limprovement,jdrasil-b75t1800-n1,56.9117,0.0,"-w 3600 -b 100 -r 10 -s jdrasil -a '"" -log -t 1800 -e PBLib_incremental ""'",18.9502821004,15.4840459459
88,transit,atmost1000,27.2790697674,10.0,74.0,13.7811902182,28.9302325581,10.0,83.0,14.5939477364,65,142,9,277.095619318,7.6791,7200.14,1096.04244473,tw-limprovement,jdrasil-b75t1800-n1,7199.2873,6.6716,"-w 3600 -b 100 -r 10 -s jdrasil -a '"" -log -t 1800 -e PBLib_incremental ""'",1096.04163094,276.279263636
88,transit,atmost1000,27.2906976744,10.0,75.0,13.8214379767,28.9302325581,10.0,83.0,14.5939477364,65,141,8,293.290159091,8.9539,7200.21,1139.14157273,tw-limprovement,jdrasil-b100-n1,7199.5563,7.9317,"-w 1800 -b 100 -r 10 -s jdrasil -a '"" -log -t 900 -e PBLib_incremental ""'",1139.14812495,292.546751136
88,transit,atmost1000,26.825,10.0,74.0,14.086329669,28.4375,10.0,83.0,14.9588835213,59,129,9,846.062775,7.3404,7200.13,2114.3722575,tw-limprovement,jdrasil-b125-n1,7199.5683,6.7264,"-w 1800 -b 125 -r 10 -s jdrasil -a '"" -log -t 900 -e PBLib_incremental ""'",2114.39973342,845.259820455
88,transit,atmost1000,26.961038961,10.0,75.0,14.3219022171,28.5844155844,10.0,83.0,15.2327129364,55,125,8,1276.64072386,4.7571,7200.11,2421.33347153,tw-limprovement,tcs-b100-n1,7199.529,4.1758,-w 1800 -b 100 -r 10,2421.34903808,1275.81665227
88,transit,atmost1000,27.5909090909,10.0,83.0,14.188903195,28.9886363636,10.0,83.0,14.4544423575,60,123,7,34.4196318182,8.7121,164.714,30.4337565123,tw-limprovement,jdrasil-b75-n1,164.056,8.1978,"-w 1800 -b 75 -r 10 -s jdrasil -a '"" -log -t 900 -e PBLib_incremental ""'",30.4052074641,33.6180193182
88,transit,atmost1000,27.6136363636,10.0,83.0,14.3137517819,28.9886363636,10.0,83.0,14.4544423575,60,121,7,35.8451227273,4.9252,616.465,91.308990781,tw-limprovement,tcs-b75-n1,615.9398,4.2462,-w 1800 -b 75 -r 10,91.3070205674,35.2485852273
88,transit,atmost1000,25.8378378378,10.0,74.0,13.2974681152,27.2837837838,10.0,83.0,14.2064236583,53,107,9,1305.90549659,7.6133,7200.44,2607.94394236,tw-limprovement,jdrasil-b150-n1,7199.6946,6.8392,"-w 1800 -b 150 -r 10 -s jdrasil -a '"" -log -t 900 -e PBLib_incremental ""'",2607.90256061,1305.04615341
88,transit,atmost1000,23.2333333333,10.0,70.0,12.4918504507,24.3833333333,10.0,72.0,12.9419717496,41,69,5,2608.59153295,4.824,7200.12,3296.15277568,tw-limprovement,tcs-b125-n1,7199.5782,4.19,-w 1800 -b 125 -r 10,3296.14259893,2607.87386818
88,transit,atmost1000,28.3295454545,10.0,83.0,14.7388934151,28.9886363636,10.0,83.0,14.4544423575,39,58,4,16.1675443182,8.7933,37.9141,6.06853735607,tw-limprovement,jdrasil-b50-n1,37.1988,8.089,"-w 1800 -b 50 -r 10 -s jdrasil -a '"" -log -t 900 -e PBLib_incremental ""'",6.07145491511,15.4787340909
88,transit,atmost1000,28.3636363636,10.0,83.0,14.7532827582,28.9886363636,10.0,83.0,14.4544423575,41,55,4,11.3588477273,5.4345,31.0004,4.97715256078,tw-limprovement,tcs-b50-n1,30.3489,4.8424,-w 1800 -b 50 -r 10,4.97270162564,10.7629931818
88,transit,atmost1000,21.0909090909,10.0,55.0,8.95724975829,22.0545454545,10.0,59.0,9.26046591464,36,53,5,2909.95751364,5.3056,7200.11,3426.1850318,tw-limprovement,tcs-b150-n1,7199.5278,4.5024,-w 1800 -b 150 -r 10,3426.18030385,2909.24120114
88,transit,atmost1000,28.6477272727,10.0,83.0,14.300582556,28.9886363636,10.0,83.0,14.4544423575,21,30,2,4.80455,2.6393,8.4375,1.3969342626,tw-limprovement,htd-b100-n1,7.8695,2.0183,-w 1800 -b 100 -r 10 -s htd_main,1.41187689245,4.12591477273
88,transit,atmost1000,28.7272727273,10.0,83.0,14.3075635272,28.9886363636,10.0,83.0,14.4544423575,16,23,2,4.62497727273,1.9706,8.6892,1.39311022047,tw-limprovement,htd-b150-n1,8.1266,1.4072,-w 1800 -b 150 -r 10 -s htd_main,1.39451565199,3.98340454545
88,transit,atmost1000,28.9545454545,10.0,83.0,14.4897181865,28.9886363636,10.0,83.0,14.4544423575,3,3,1,9.53429204545,6.7777,16.8475,2.02282887363,tw-limprovement,jdrasil-b25-n1,16.2946,6.1771,"-w 1800 -b 25 -r 10 -s jdrasil -a '"" -log -t 900 -e PBLib_incremental ""'",2.01894854499,8.92415568182
75,transit,atmost200,8.17333333333,4.0,14.0,2.19565500498,8.25333333333,4.0,14.0,2.24868329842,6,6,1,3.22956,2.1448,4.5812,0.523184401629,tw-limprovement,tcs-b75-n1,3.963,1.6424,-w 1800 -b 75 -r 10,0.515098069732,2.60083333333
75,transit,atmost200,8.17333333333,4.0,14.0,2.19565500498,8.25333333333,4.0,14.0,2.24868329842,6,6,1,3.28294666667,2.1523,5.1994,0.604166924834,tw-limprovement,tcs-b50-n1,4.5982,1.6343,-w 1800 -b 50 -r 10,0.575627652852,2.61509866667
75,transit,atmost200,8.17333333333,4.0,14.0,2.19565500498,8.25333333333,4.0,14.0,2.24868329842,6,6,1,3.33834133333,2.0685,5.3254,0.647244066312,tw-limprovement,tcs-b100-n1,4.1977,1.5423,-w 1800 -b 100 -r 10,0.522054734185,2.65284533333
75,transit,atmost200,8.17333333333,4.0,14.0,2.19565500498,8.25333333333,4.0,14.0,2.24868329842,6,6,1,3.413932,2.4039,4.7381,0.565855984247,tw-limprovement,tcs-b125-n1,4.0481,1.7363,-w 1800 -b 125 -r 10,0.538443616957,2.76460266667
75,transit,atmost200,8.17333333333,4.0,14.0,2.19565500498,8.25333333333,4.0,14.0,2.24868329842,6,6,1,3.61643466667,2.2625,4.8663,0.593146596549,tw-limprovement,tcs-b150-n1,4.215,1.7035,-w 1800 -b 150 -r 10,0.557296874022,2.939104
75,transit,atmost200,8.18918918919,4.0,14.0,2.20009760478,8.25675675676,4.0,14.0,2.26383606316,5,5,1,103.272024,4.6118,7200.1,830.546595038,tw-limprovement,jdrasil-b100-n1,7199.4686,3.9376,"-w 1800 -b 100 -r 10 -s jdrasil -a '"" -log -t 900 -e PBLib_incremental ""'",830.555959235,102.559757333
75,transit,atmost200,8.18918918919,4.0,14.0,2.20009760478,8.25675675676,4.0,14.0,2.26383606316,5,5,1,103.415096,4.6539,7200.13,830.533947097,tw-limprovement,jdrasil-b75-n1,7199.4627,3.9566,"-w 1800 -b 75 -r 10 -s jdrasil -a '"" -log -t 900 -e PBLib_incremental ""'",830.543412508,102.666112
75,transit,atmost200,8.18918918919,4.0,14.0,2.20009760478,8.25675675676,4.0,14.0,2.26383606316,5,5,1,103.643618667,4.0906,7200.12,830.507120122,tw-limprovement,jdrasil-b150-n1,7199.3306,3.4983,"-w 1800 -b 150 -r 10 -s jdrasil -a '"" -log -t 900 -e PBLib_incremental ""'",830.507525348,102.84972
75,transit,atmost200,8.18918918919,4.0,14.0,2.20009760478,8.25675675676,4.0,14.0,2.26383606316,5,5,1,103.921753333,5.3748,7200.12,830.474203141,tw-limprovement,jdrasil-b75t1800-n1,7199.5392,4.6714,"-w 3600 -b 100 -r 10 -s jdrasil -a '"" -log -t 1800 -e PBLib_incremental ""'",830.498424093,103.132553333
75,transit,atmost200,8.18918918919,4.0,14.0,2.20009760478,8.25675675676,4.0,14.0,2.26383606316,5,5,1,104.425250667,4.2141,7200.14,830.417861268,tw-limprovement,jdrasil-b125-n1,7198.8832,3.6416,"-w 1800 -b 125 -r 10 -s jdrasil -a '"" -log -t 900 -e PBLib_incremental ""'",830.364268791,103.625805333
75,transit,atmost200,8.18918918919,4.0,14.0,2.20009760478,8.25675675676,4.0,14.0,2.26383606316,5,5,1,150.689678667,5.0397,7200.1,923.664665406,tw-limprovement,jdrasil-b50-n1,7199.5472,3.9784,"-w 1800 -b 50 -r 10 -s jdrasil -a '"" -log -t 900 -e PBLib_incremental ""'",923.67707305,150.011817333
75,transit,atmost200,8.21621621622,4.0,14.0,2.23466016092,8.25675675676,4.0,14.0,2.26383606316,3,3,1,101.758572,3.8432,7200.1,830.722632426,tw-limprovement,jdrasil-b25-n1,7199.4572,3.2725,"-w 1800 -b 25 -r 10 -s jdrasil -a '"" -log -t 900 -e PBLib_incremental ""'",830.717694073,101.158001333
47,transit,atmost2000,34.1764705882,17.0,65.0,13.9424587811,36.8823529412,17.0,68.0,14.9276329202,29,92,7,2458.17399362,18.2398,7200.2,3084.46016972,tw-limprovement,jdrasil-b125-n1,7199.5432,17.5979,"-w 1800 -b 125 -r 10 -s jdrasil -a '"" -log -t 900 -e PBLib_incremental ""'",3084.47746552,2457.33444894
47,transit,atmost2000,34.0,17.0,67.0,14.2001564937,35.9782608696,17.0,68.0,14.4214179152,34,91,6,437.879748936,16.148,7200.13,1165.94641386,tw-limprovement,jdrasil-b75t1800-n1,7199.2433,15.3591,"-w 3600 -b 100 -r 10 -s jdrasil -a '"" -log -t 1800 -e PBLib_incremental ""'",1165.94946704,437.055134043
47,transit,atmost2000,34.4545454545,17.0,68.0,14.4197128402,36.4318181818,17.0,68.0,14.5879812386,31,87,6,635.992757447,18.2611,7200.13,1761.9711877,tw-limprovement,jdrasil-b100-n1,7199.5201,17.6163,"-w 1800 -b 100 -r 10 -s jdrasil -a '"" -log -t 900 -e PBLib_incremental ""'",1761.98727568,635.190689362
47,transit,atmost2000,34.2553191489,16.0,68.0,14.6220026064,36.0638297872,17.0,68.0,14.2758602198,30,85,7,30.1839404255,10.7523,166.778,25.6790652821,tw-limprovement,tcs-b75-n1,166.2283,10.199,-w 1800 -b 75 -r 10,25.6894289422,29.5673170213
47,transit,atmost2000,34.2619047619,17.0,68.0,14.7268785688,36.2380952381,17.0,68.0,15.0815822483,32,83,9,1238.64933191,10.8283,7200.11,2386.38491469,tw-limprovement,tcs-b100-n1,7199.5496,10.1868,-w 1800 -b 100 -r 10,2386.4164063,1237.70517234
47,transit,atmost2000,34.6595744681,17.0,68.0,14.5397156179,36.0638297872,17.0,68.0,14.2758602198,30,66,6,42.6426978723,16.2262,304.624,43.2810256646,tw-limprovement,jdrasil-b75-n1,302.9337,15.6713,"-w 1800 -b 75 -r 10 -s jdrasil -a '"" -log -t 900 -e PBLib_incremental ""'",43.1572336043,41.8475765957
47,transit,atmost2000,31.68,17.0,65.0,13.7165350338,34.32,17.0,68.0,14.7753172555,20,66,7,3531.65148936,17.533,7200.36,3496.64669011,tw-limprovement,jdrasil-b150-n1,7199.5563,16.7203,"-w 1800 -b 150 -r 10 -s jdrasil -a '"" -log -t 900 -e PBLib_incremental ""'",3496.63745493,3530.79839787
47,transit,atmost2000,31.6538461538,17.0,65.0,15.4270990343,33.5384615385,17.0,68.0,16.2067412375,21,49,6,3621.17224468,10.5566,7200.12,3342.70045816,tw-limprovement,tcs-b125-n1,7199.4997,9.9113,-w 1800 -b 125 -r 10,3342.67097931,3620.46311915
47,transit,atmost2000,35.4042553191,17.0,68.0,14.6860767758,36.0638297872,17.0,68.0,14.2758602198,18,31,4,23.9789617021,11.6376,50.8131,9.24982258633,tw-limprovement,jdrasil-b50-n1,50.2413,11.0723,"-w 1800 -b 50 -r 10 -s jdrasil -a '"" -log -t 900 -e PBLib_incremental ""'",9.24485852111,23.2392255319
47,transit,atmost2000,35.6170212766,17.0,68.0,14.1629541126,36.0638297872,17.0,68.0,14.2758602198,11,21,4,8.27820212766,3.4755,13.6632,2.7172129346,tw-limprovement,htd-b100-n1,13.0922,2.851,-w 1800 -b 100 -r 10 -s htd_main,2.77888093352,7.52666808511
47,transit,atmost2000,35.6170212766,17.0,68.0,14.605765972,36.0638297872,17.0,68.0,14.2758602198,17,21,2,17.7282553191,8.6653,38.1733,6.89626507513,tw-limprovement,tcs-b50-n1,37.5474,8.07,-w 1800 -b 50 -r 10,6.89224821503,17.1378021277
47,transit,atmost2000,35.6808510638,17.0,67.0,14.1099816396,36.0638297872,17.0,68.0,14.2758602198,12,18,3,8.11909574468,3.4628,13.6499,2.47325863624,tw-limprovement,htd-b150-n1,12.9372,2.9196,-w 1800 -b 150 -r 10 -s htd_main,2.47539234211,7.38477021277
47,transit,atmost2000,24.5384615385,17.0,62.0,12.0112127102,25.6153846154,17.0,62.0,11.6156393248,9,14,3,5327.19059574,11.4223,7200.12,3102.82849178,tw-limprovement,tcs-b150-n1,7199.4678,10.655,-w 1800 -b 150 -r 10,3102.82265892,5326.43664255
77,transit,atmost500,12.8157894737,5.0,30.0,5.41777451559,13.3289473684,5.0,33.0,5.76052811906,35,39,3,57.7832844156,1.6247,1810.58,226.38994836,tw-limprovement,jdrasil-b100-n1,1809.097,0.0,"-w 1800 -b 100 -r 10 -s jdrasil -a '"" -log -t 900 -e PBLib_incremental ""'",226.331769463,57.0002246753
77,transit,atmost500,12.8289473684,5.0,30.0,5.48789737002,13.3289473684,5.0,33.0,5.76052811906,36,38,3,12.0903220779,1.0442,200.236,27.7342391413,tw-limprovement,tcs-b75-n1,199.6288,0.0,-w 1800 -b 75 -r 10,27.7354836794,11.4946363636
77,transit,atmost500,12.8289473684,5.0,30.0,5.40466010746,13.3289473684,5.0,33.0,5.76052811906,34,38,3,34.6797441558,1.5844,663.946,101.883788093,tw-limprovement,jdrasil-b75t1800-n1,663.102,0.0,"-w 3600 -b 100 -r 10 -s jdrasil -a '"" -log -t 1800 -e PBLib_incremental ""'",101.88938857,33.8543415584
77,transit,atmost500,12.8421052632,5.0,30.0,5.49679332358,13.3289473684,5.0,33.0,5.76052811906,35,37,3,12.5455701299,0.9306,47.9601,7.3019522899,tw-limprovement,jdrasil-b75-n1,47.3915,0.0,"-w 1800 -b 75 -r 10 -s jdrasil -a '"" -log -t 900 -e PBLib_incremental ""'",7.32070433606,11.8209662338
77,transit,atmost500,12.8947368421,5.0,32.0,5.62513157741,13.3289473684,5.0,33.0,5.76052811906,33,33,1,5.10618961039,1.019,10.3478,1.54406916718,tw-limprovement,tcs-b50-n1,9.7962,0.0,-w 1800 -b 50 -r 10,1.56529719621,4.51611688312
77,transit,atmost500,12.2602739726,5.0,28.0,4.7052789422,12.7123287671,5.0,28.0,4.86335347281,33,33,1,380.255838961,1.132,7200.11,1530.93037912,tw-limprovement,tcs-b100-n1,7199.5329,0.0,-w 1800 -b 100 -r 10,1530.94624137,379.575785714
77,transit,atmost500,12.9078947368,5.0,32.0,5.63365513459,13.3289473684,5.0,33.0,5.76052811906,32,32,1,9.92815454545,1.041,20.5736,2.89878458689,tw-limprovement,jdrasil-b50-n1,19.8998,0.0,"-w 1800 -b 50 -r 10 -s jdrasil -a '"" -log -t 900 -e PBLib_incremental ""'",2.87506375787,9.20352857143
77,transit,atmost500,12.25,5.0,28.0,4.77301688043,12.6805555556,5.0,28.0,4.91570174346,31,31,1,388.493838961,0.9073,7200.13,1605.0545672,tw-limprovement,jdrasil-b150-n1,7199.524,0.0,"-w 1800 -b 150 -r 10 -s jdrasil -a '"" -log -t 900 -e PBLib_incremental ""'",1605.0550611,387.660036364
77,transit,atmost500,12.25,5.0,28.0,4.77301688043,12.6805555556,5.0,28.0,4.91570174346,31,31,1,435.535249351,0.903,7200.13,1645.72269759,tw-limprovement,jdrasil-b125-n1,7199.4613,0.0,"-w 1800 -b 125 -r 10 -s jdrasil -a '"" -log -t 900 -e PBLib_incremental ""'",1645.7348106,434.707820779
77,transit,atmost500,12.1267605634,5.0,28.0,4.70236893936,12.5633802817,5.0,28.0,4.84836465615,31,31,1,547.761449351,0.9599,7200.11,1880.66880707,tw-limprovement,tcs-b125-n1,7199.5467,0.0,-w 1800 -b 125 -r 10,1880.67836175,547.070261039
77,transit,atmost500,12.1267605634,5.0,28.0,4.70236893936,12.5633802817,5.0,28.0,4.84836465615,31,31,1,548.958635065,1.1387,7200.1,1883.72838709,tw-limprovement,tcs-b150-n1,7199.4284,0.0,-w 1800 -b 150 -r 10,1883.7310126,548.237736364
77,transit,atmost500,13.1973684211,5.0,33.0,5.81267520015,13.3289473684,5.0,33.0,5.76052811906,10,10,1,31.5756116883,1.1116,1806.3,204.918210856,tw-limprovement,jdrasil-b25-n1,1805.6709,0.0,"-w 1800 -b 25 -r 10 -s jdrasil -a '"" -log -t 900 -e PBLib_incremental ""'",204.924621802,30.8933662338
77,transit,atmost500,13.2105263158,5.0,32.0,5.65288313335,13.3289473684,5.0,33.0,5.76052811906,8,9,2,2.41479220779,0.8633,3.7239,0.608754981557,tw-limprovement,htd-b100-n1,2.9283,0.0,-w 1800 -b 100 -r 10 -s htd_main,0.578265043097,1.77176883117
77,transit,atmost500,13.25,5.0,32.0,5.73439912574,13.3289473684,5.0,33.0,5.76052811906,6,6,1,2.40573506494,0.8902,3.6367,0.577055599293,tw-limprovement,htd-b150-n1,2.761,0.0,-w 1800 -b 150 -r 10 -s htd_main,0.564611409746,1.75594025974
26,transit,atmost5000,33.6428571429,20.0,97.0,20.7089989464,36.2142857143,21.0,97.0,21.0390792846,12,36,9,188.170619231,15.8517,1076.17,292.955347116,tw-limprovement,jdrasil-b125-n1,1075.3489,0.0,"-w 1800 -b 125 -r 10 -s jdrasil -a '"" -log -t 900 -e PBLib_incremental ""'",297.358568896,180.187288462
26,transit,atmost5000,46.4666666667,20.0,221.0,52.2615218556,48.5333333333,21.0,221.0,51.8402307461,12,31,9,324.564153846,22.2088,6315.92,1225.2094018,tw-limprovement,tcs-b100-n1,6315.1581,0.0,-w 1800 -b 100 -r 10,1231.38506826,297.681226923
26,transit,atmost5000,30.8333333333,20.0,92.0,19.8898481796,33.0833333333,21.0,97.0,20.8215724379,11,27,5,805.719257692,15.8925,7200.15,1953.04148761,tw-limprovement,jdrasil-b150-n1,7199.4539,0.0,"-w 1800 -b 150 -r 10 -s jdrasil -a '"" -log -t 900 -e PBLib_incremental ""'",1956.0579923,797.759519231
26,transit,atmost5000,34.5714285714,20.0,97.0,21.3711318073,36.2142857143,21.0,97.0,21.0390792846,12,23,4,89.2476307692,15.696,787.169,160.483204372,tw-limprovement,jdrasil-b100-n1,786.5818,0.0,"-w 1800 -b 100 -r 10 -s jdrasil -a '"" -log -t 900 -e PBLib_incremental ""'",164.002019713,81.4792384615
26,transit,atmost5000,34.5714285714,20.0,97.0,21.3711318073,36.2142857143,21.0,97.0,21.0390792846,12,23,4,90.2349346154,15.8079,820.754,165.220407703,tw-limprovement,jdrasil-b75t1800-n1,819.8251,0.0,"-w 3600 -b 100 -r 10 -s jdrasil -a '"" -log -t 1800 -e PBLib_incremental ""'",168.617879748,82.3875115385
26,transit,atmost5000,34.7857142857,20.0,97.0,21.4984027007,36.2142857143,21.0,97.0,21.0390792846,10,20,4,34.81085,15.7959,104.163,23.851636377,tw-limprovement,jdrasil-b75-n1,102.9671,0.0,"-w 1800 -b 75 -r 10 -s jdrasil -a '"" -log -t 900 -e PBLib_incremental ""'",30.0348415366,27.1043615385
26,transit,atmost5000,32.6,20.0,97.0,23.2101510359,34.4,21.0,97.0,22.7068271672,8,18,4,1445.13057692,15.7358,7200.13,2819.73673337,tw-limprovement,tcs-b125-n1,7199.5611,0.0,-w 1800 -b 125 -r 10,2823.47148406,1437.41220769
26,transit,atmost5000,36.25,20.0,92.0,25.9821367207,38.5,21.0,97.0,27.547361813,7,18,5,1842.34911538,15.6846,7200.13,3060.46880948,tw-limprovement,tcs-b150-n1,7199.5268,0.0,-w 1800 -b 150 -r 10,3064.82005143,1834.62409231
26,transit,atmost5000,35.0714285714,20.0,97.0,21.4851085664,36.2142857143,21.0,97.0,21.0390792846,10,16,3,25.4545769231,15.6812,84.0694,17.2264346231,tw-limprovement,tcs-b75-n1,83.5309,0.0,-w 1800 -b 75 -r 10,22.3036753448,17.8160846154
26,transit,atmost5000,47.9333333333,20.0,221.0,52.1296004022,48.5333333333,21.0,221.0,51.8402307461,7,9,3,48.5576846154,24.143,94.0724,17.2912852868,tw-limprovement,jdrasil-b50-n1,93.3856,0.0,"-w 1800 -b 50 -r 10 -s jdrasil -a '"" -log -t 900 -e PBLib_incremental ""'",23.8113578953,22.4228961538
26,transit,atmost5000,47.9333333333,19.0,221.0,52.1268599074,48.5333333333,21.0,221.0,51.8402307461,5,9,3,55.5085961538,16.3497,378.0,68.5983966038,tw-limprovement,tcs-b50-n1,377.4571,0.0,-w 1800 -b 50 -r 10,73.1203342599,29.4495192308
26,transit,atmost5000,35.6428571429,21.0,97.0,20.823829334,36.2142857143,21.0,97.0,21.0390792846,5,8,3,16.3036653846,11.9157,29.363,3.85797357149,tw-limprovement,htd-b100-n1,28.7592,0.0,-w 1800 -b 100 -r 10 -s htd_main,9.01407715422,8.65216923077
26,transit,atmost5000,35.6428571429,21.0,93.0,20.2469642277,36.2142857143,21.0,97.0,21.0390792846,5,8,4,16.6848346154,8.9992,42.243,6.64104678869,tw-limprovement,htd-b150-n1,41.6558,0.0,-w 1800 -b 150 -r 10 -s htd_main,10.7661857134,9.02535
70,twlib,atmost1000,44.25,12.0,203.0,26.5093319578,45.2083333333,12.0,203.0,26.8208860606,17,46,7,1297.42077714,13.0334,7200.15,2515.22498408,tw-limprovement,jdrasil-b150-n1,7199.4742,0.0,"-w 1800 -b 150 -r 10 -s jdrasil -a '"" -log -t 900 -e PBLib_incremental ""'",2006.55403675,792.331114286
70,twlib,atmost1000,41.7142857143,12.0,203.0,32.3833394243,42.8571428571,12.0,203.0,32.2591919022,18,40,6,2524.73217,6.2977,7200.25,3308.53143154,tw-limprovement,tcs-b100-n1,7199.5355,0.0,-w 1800 -b 100 -r 10,3169.65115723,2066.26739714
70,twlib,atmost1000,44.3958333333,12.0,203.0,26.5183514004,45.2083333333,12.0,203.0,26.8208860606,15,39,7,895.945354286,11.8054,7200.12,2141.32155492,tw-limprovement,jdrasil-b125-n1,7199.534,0.0,"-w 1800 -b 125 -r 10 -s jdrasil -a '"" -log -t 900 -e PBLib_incremental ""'",2010.32748018,733.645075714
70,twlib,atmost1000,42.8679245283,12.0,203.0,26.1210479056,43.5660377358,12.0,203.0,26.0269900103,18,37,4,257.429197143,9.8779,7200.12,931.785545435,tw-limprovement,jdrasil-b75t1800-n1,7199.2616,0.0,"-w 3600 -b 100 -r 10 -s jdrasil -a '"" -log -t 1800 -e PBLib_incremental ""'",934.750679329,240.032894286
70,twlib,atmost1000,41.5925925926,12.0,203.0,36.2111959517,42.962962963,12.0,203.0,36.4886510085,14,37,7,4091.31498857,6.1764,7200.24,3517.81830863,tw-limprovement,tcs-b125-n1,7199.5619,0.0,-w 1800 -b 125 -r 10,3475.60474716,2852.69729286
70,twlib,atmost1000,42.8867924528,12.0,203.0,26.128131301,43.5660377358,12.0,203.0,26.0269900103,18,36,4,320.892508571,12.617,7200.12,1150.30476943,tw-limprovement,jdrasil-b100-n1,7199.5036,0.0,"-w 1800 -b 100 -r 10 -s jdrasil -a '"" -log -t 900 -e PBLib_incremental ""'",1153.4845083,305.024154286
70,twlib,atmost1000,42.6296296296,12.0,203.0,25.979887937,43.2407407407,12.0,203.0,25.89087053,18,33,3,44.6328571429,12.1579,388.845,47.7395119461,tw-limprovement,jdrasil-b75-n1,387.9135,0.0,"-w 1800 -b 75 -r 10 -s jdrasil -a '"" -log -t 900 -e PBLib_incremental ""'",49.7038461097,34.5880085714
70,twlib,atmost1000,40.32,12.0,203.0,36.5589934216,41.64,12.0,203.0,36.6092884389,13,33,5,4347.54723714,6.2957,7200.22,3436.33016169,tw-limprovement,tcs-b150-n1,7199.4533,0.0,-w 1800 -b 150 -r 10,3486.57687918,3108.99431714
70,twlib,atmost1000,42.6078431373,12.0,203.0,26.7500119113,43.2156862745,12.0,203.0,26.6070018796,15,31,5,771.125398571,6.0037,7200.1,2159.42624905,tw-limprovement,tcs-b75-n1,7199.5367,0.0,-w 1800 -b 75 -r 10,1461.13681227,350.613635714
70,twlib,atmost1000,43.0555555556,12.0,203.0,26.0010280397,43.2407407407,12.0,203.0,25.89087053,7,10,2,15.8921785714,8.7293,52.259,8.09923453357,tw-limprovement,jdrasil-b50-n1,51.6849,0.0,"-w 1800 -b 50 -r 10 -s jdrasil -a '"" -log -t 900 -e PBLib_incremental ""'",9.36640056132,11.78601
70,twlib,atmost1000,43.1111111111,12.0,203.0,25.8921323132,43.2407407407,12.0,203.0,25.89087053,6,7,2,5.89762428571,2.8677,21.1509,3.12361582982,tw-limprovement,htd-b100-n1,20.5591,0.0,-w 1800 -b 100 -r 10 -s htd_main,3.33997092383,3.94723142857
70,twlib,atmost1000,43.1111111111,12.0,203.0,25.873178847,43.2407407407,12.0,203.0,25.89087053,7,7,1,5.97399571429,2.86,20.621,2.99708551132,tw-limprovement,htd-b150-n1,20.0257,0.0,-w 1800 -b 150 -r 10 -s htd_main,3.24905342825,4.01678
70,twlib,atmost1000,43.0192307692,12.0,203.0,26.4193114044,43.1346153846,12.0,203.0,26.3513431932,5,6,2,533.597267143,6.2364,7200.1,1862.70621188,tw-limprovement,tcs-b50-n1,7199.4557,0.0,-w 1800 -b 50 -r 10,1206.18625336,218.712222857
161,twlib,atmost200,29.5314685315,3.0,119.0,17.0722591044,31.3006993007,3.0,119.0,18.0589936882,90,253,12,64.1086776398,2.1418,7200.1,566.84796754,tw-limprovement,tcs-b75-n1,7199.5662,0.0,-w 1800 -b 75 -r 10,567.044105448,59.2850689441
161,twlib,atmost200,29.8936170213,3.0,119.0,17.4457125833,31.6028368794,3.0,119.0,18.3847294679,86,241,12,157.372268944,6.1546,7200.12,974.771869496,tw-limprovement,jdrasil-b75-n1,7199.5289,0.0,"-w 1800 -b 75 -r 10 -s jdrasil -a '"" -log -t 900 -e PBLib_incremental ""'",975.042896376,154.887340994
161,twlib,atmost200,29.0294117647,3.0,119.0,17.2982299144,30.7279411765,3.0,119.0,18.275856128,82,231,11,441.9408,5.8852,7200.12,1613.3233201,tw-limprovement,jdrasil-b100-n1,7199.5551,0.0,"-w 1800 -b 100 -r 10 -s jdrasil -a '"" -log -t 900 -e PBLib_incremental ""'",1613.94103292,438.807737267
161,twlib,atmost200,29.0814814815,3.0,119.0,17.3519545339,30.7851851852,3.0,119.0,18.3316809145,81,230,11,459.484952174,4.2298,7200.13,1658.78277815,tw-limprovement,jdrasil-b75t1800-n1,7199.4846,0.0,"-w 3600 -b 100 -r 10 -s jdrasil -a '"" -log -t 1800 -e PBLib_incremental ""'",1659.43135838,456.261663354
161,twlib,atmost200,29.197080292,3.0,119.0,17.3403810495,30.8467153285,3.0,119.0,18.2558977219,83,226,9,417.989515528,6.6946,7200.14,1564.6975418,tw-limprovement,jdrasil-b125-n1,7199.5597,0.0,"-w 1800 -b 125 -r 10 -s jdrasil -a '"" -log -t 900 -e PBLib_incremental ""'",1565.6484442,413.228863354
161,twlib,atmost200,29.0441176471,3.0,119.0,17.3114681095,30.6764705882,3.0,119.0,18.2139069183,82,222,9,431.037573913,5.0381,7200.39,1577.99186271,tw-limprovement,jdrasil-b150-n1,7199.5612,0.0,"-w 1800 -b 150 -r 10 -s jdrasil -a '"" -log -t 900 -e PBLib_incremental ""'",1579.11641041,425.20893354
161,twlib,atmost200,27.71875,3.0,119.0,16.7975145799,29.3984375,3.0,119.0,17.8092870773,75,215,12,807.944416149,2.6116,7200.11,2169.82275605,tw-limprovement,tcs-b100-n1,7199.5577,0.0,-w 1800 -b 100 -r 10,2171.33089652,803.048749689
161,twlib,atmost200,26.8617886179,3.0,119.0,16.5580574231,28.3902439024,3.0,119.0,17.4302517059,70,188,9,969.700376398,2.9041,7200.1,2422.34672855,tw-limprovement,tcs-b125-n1,7199.5055,0.0,-w 1800 -b 125 -r 10,2423.91422912,964.964032919
161,twlib,atmost200,26.8617886179,3.0,119.0,16.5580574231,28.3902439024,3.0,119.0,17.4302517059,70,188,9,970.347570186,2.9803,7200.11,2422.19758722,tw-limprovement,tcs-b150-n1,7199.5144,0.0,-w 1800 -b 150 -r 10,2423.82263726,965.437045963
161,twlib,atmost200,30.8819444444,3.0,119.0,18.2965075684,31.5416666667,3.0,119.0,18.2265751571,44,95,8,12.4664981366,5.9192,55.4706,6.60010584002,tw-limprovement,jdrasil-b50-n1,54.9277,0.0,"-w 1800 -b 50 -r 10 -s jdrasil -a '"" -log -t 900 -e PBLib_incremental ""'",7.19020226486,10.4910993789
161,twlib,atmost200,30.9571428571,3.0,119.0,18.5863225911,31.5357142857,3.0,119.0,18.4867873153,43,81,9,372.129795031,2.6625,7200.09,1567.21882889,tw-limprovement,tcs-b50-n1,7199.5214,0.0,-w 1800 -b 50 -r 10,1123.01864532,185.761600621
161,twlib,atmost200,31.1258741259,3.0,119.0,17.927030159,31.6433566434,3.0,119.0,18.2496018071,36,74,8,47.3961639752,1.2276,7200.0,567.229013566,tw-limprovement,htd-b150-n1,6.8892,0.0,-w 1800 -b 150 -r 10 -s htd_main,0.894433607489,1.58814223602
161,twlib,atmost200,31.0347222222,3.0,119.0,17.9277544701,31.5416666667,3.0,119.0,18.2265751571,35,73,8,2.64561614907,1.1078,12.8642,1.30800409575,tw-limprovement,htd-b100-n1,6.5954,0.0,-w 1800 -b 100 -r 10 -s htd_main,0.898973260522,1.60076149068
161,twlib,atmost200,31.4930555556,3.0,119.0,18.2771960512,31.5416666667,3.0,119.0,18.2265751571,6,7,2,8.703024375,4.1323,30.668,2.73095505981,tw-limprovement,jdrasil-b25-n1,17.4888,0.0,"-w 1800 -b 25 -r 10 -s jdrasil -a '"" -log -t 900 -e PBLib_incremental ""'",3.00145332327,6.97034906832
72,twlib,atmost2000,40.9454545455,4.0,129.0,24.7815778216,43.1090909091,4.0,129.0,25.3499015465,38,119,9,2191.70265833,5.5449,7200.13,3049.27156855,tw-limprovement,tcs-b125-n1,7199.5707,0.0,-w 1800 -b 125 -r 10,3000.36074517,2091.0185
72,twlib,atmost2000,43.26,4.0,129.0,26.6870066986,45.22,4.0,129.0,27.0164651232,31,98,7,2363.79439861,10.3374,7200.55,3166.94667054,tw-limprovement,jdrasil-b125-n1,7199.736,0.0,"-w 1800 -b 125 -r 10 -s jdrasil -a '"" -log -t 900 -e PBLib_incremental ""'",3169.81613766,2358.95113056
72,twlib,atmost2000,40.9210526316,4.0,129.0,29.8114630401,42.7105263158,4.0,129.0,30.2770164323,22,68,9,3911.22108472,10.296,7200.24,3248.40675714,tw-limprovement,jdrasil-b150-n1,7199.6134,0.0,"-w 1800 -b 150 -r 10 -s jdrasil -a '"" -log -t 900 -e PBLib_incremental ""'",3252.54964092,3906.85322778
72,twlib,atmost2000,42.3787878788,4.0,129.0,23.9195865359,43.3636363636,4.0,129.0,23.8060343763,29,65,5,570.618879167,5.2701,7200.11,1829.41963018,tw-limprovement,tcs-b100-n1,7199.5368,0.0,-w 1800 -b 100 -r 10,1829.60791042,568.948454167
72,twlib,atmost2000,44.3230769231,4.0,129.0,24.5032572403,45.2461538462,4.0,129.0,24.4246486472,27,60,4,828.467463889,10.478,7200.15,2038.93827231,tw-limprovement,jdrasil-b75t1800-n1,7199.4734,0.0,"-w 3600 -b 100 -r 10 -s jdrasil -a '"" -log -t 1800 -e PBLib_incremental ""'",2039.15424114,827.05395
72,twlib,atmost2000,45.1290322581,4.0,129.0,24.8090966071,46.0161290323,4.0,129.0,24.7522093304,24,55,4,998.103926389,12.5043,7200.13,2372.47363859,tw-limprovement,jdrasil-b100-n1,7199.5544,0.0,"-w 1800 -b 100 -r 10 -s jdrasil -a '"" -log -t 900 -e PBLib_incremental ""'",2372.63875661,996.749554167
72,twlib,atmost2000,36.3870967742,4.0,129.0,31.5453931337,37.8064516129,4.0,129.0,32.0066861295,18,44,5,4470.7394375,6.3433,7200.3,3307.44199179,tw-limprovement,tcs-b150-n1,7199.5298,0.0,-w 1800 -b 150 -r 10,3332.49908489,4370.004925
72,twlib,atmost2000,43.8169014085,4.0,129.0,23.8293395743,44.3661971831,4.0,129.0,23.5985710443,20,39,5,39.8373166667,10.7948,232.657,33.8248292643,tw-limprovement,jdrasil-b75-n1,232.1026,0.0,"-w 1800 -b 75 -r 10 -s jdrasil -a '"" -log -t 900 -e PBLib_incremental ""'",34.1469049299,38.6423013889
72,twlib,atmost2000,42.8382352941,4.0,129.0,23.6179859961,43.2794117647,4.0,129.0,23.4570713573,15,30,5,325.109630556,5.2931,7200.12,1443.67693513,tw-limprovement,tcs-b75-n1,7199.5697,0.0,-w 1800 -b 75 -r 10,1443.82281688,323.841929167
72,twlib,atmost2000,44.1126760563,4.0,129.0,23.5751378095,44.3661971831,4.0,129.0,23.5985710443,12,18,3,9.70171388889,4.0647,21.498,3.3848186145,tw-limprovement,htd-b150-n1,20.5121,0.0,-w 1800 -b 150 -r 10 -s htd_main,3.39644721955,8.80716666667
72,twlib,atmost2000,44.2394366197,4.0,129.0,23.5750866011,44.3661971831,4.0,129.0,23.5985710443,7,9,3,9.89627638889,4.5296,22.0711,3.18802105536,tw-limprovement,htd-b100-n1,20.8292,0.0,-w 1800 -b 100 -r 10 -s htd_main,3.19919321662,9.02371805556
72,twlib,atmost2000,44.323943662,4.0,129.0,23.6363972647,44.3661971831,4.0,129.0,23.5985710443,3,3,1,35.615675,11.4073,1068.39,123.534610187,tw-limprovement,jdrasil-b50-n1,1067.5678,0.0,"-w 1800 -b 50 -r 10 -s jdrasil -a '"" -log -t 900 -e PBLib_incremental ""'",123.590064263,34.4712763889
72,twlib,atmost2000,43.25,4.0,129.0,23.4790316106,43.2794117647,4.0,129.0,23.4570713573,2,2,1,323.035169444,5.2608,7200.1,1444.12355613,tw-limprovement,tcs-b50-n1,7199.5164,0.0,-w 1800 -b 50 -r 10,1444.25434956,321.746497222
157,twlib,atmost500,42.99,3.0,127.0,36.0480865713,44.66,3.0,127.0,37.6673960777,44,167,9,1308.91013822,6.1161,7200.4,2674.32910014,tw-limprovement,jdrasil-b150-n1,7199.64,0.0,"-w 1800 -b 150 -r 10 -s jdrasil -a '"" -log -t 900 -e PBLib_incremental ""'",2505.97321974,1121.26490573
157,twlib,atmost500,46.0366972477,3.0,127.0,36.995476852,47.4403669725,3.0,127.0,37.6439044283,47,153,9,792.762624841,5.892,7200.15,2108.05616961,tw-limprovement,jdrasil-b125-n1,7199.5758,0.0,"-w 1800 -b 125 -r 10 -s jdrasil -a '"" -log -t 900 -e PBLib_incremental ""'",2048.37701667,731.922005732
157,twlib,atmost500,47.2288135593,3.0,127.0,36.4659801691,48.1949152542,3.0,127.0,36.5076408053,42,114,8,235.776398089,5.9522,7200.13,1139.86084104,tw-limprovement,jdrasil-b100-n1,7199.5528,0.0,"-w 1800 -b 100 -r 10 -s jdrasil -a '"" -log -t 900 -e PBLib_incremental ""'",1140.91692331,229.108034395
157,twlib,atmost500,47.2288135593,3.0,127.0,36.4659801691,48.1949152542,3.0,127.0,36.5076408053,42,114,8,237.67366242,5.5227,7200.12,1140.19166405,tw-limprovement,jdrasil-b75t1800-n1,7199.3215,0.0,"-w 3600 -b 100 -r 10 -s jdrasil -a '"" -log -t 1800 -e PBLib_incremental ""'",1141.27034071,230.83850828
157,twlib,atmost500,82.5517241379,3.0,363.0,90.0701509045,83.3793103448,3.0,363.0,89.7580956913,35,96,9,1337.07265414,2.5289,7200.15,2577.75511849,tw-limprovement,tcs-b100-n1,7199.5826,0.0,-w 1800 -b 100 -r 10,2541.92915829,1274.14142611
157,twlib,atmost500,46.7093023256,3.0,127.0,40.3294860104,47.7906976744,3.0,127.0,40.7246467588,35,93,9,2073.75397261,3.0507,7200.12,3123.98660004,tw-limprovement,tcs-b125-n1,7199.5816,0.0,-w 1800 -b 125 -r 10,3003.89995139,1837.83122675
157,twlib,atmost500,46.9917355372,3.0,127.0,36.4171424533,47.6033057851,3.0,127.0,36.2405112498,31,74,9,76.8669732484,6.4665,7200.12,577.506757852,tw-limprovement,jdrasil-b75-n1,7199.5207,0.0,"-w 1800 -b 75 -r 10 -s jdrasil -a '"" -log -t 900 -e PBLib_incremental ""'",577.942234264,72.2302993631
157,twlib,atmost500,49.1651376147,3.0,127.0,37.6439247377,49.8348623853,3.0,127.0,37.4025929388,31,73,9,800.284156688,2.3708,7200.1,2119.80231855,tw-limprovement,tcs-b75-n1,7199.5713,0.0,-w 1800 -b 75 -r 10,2059.78474006,746.745142038
157,twlib,atmost500,39.5373134328,3.0,127.0,38.8120288907,40.5970149254,3.0,127.0,40.0617174254,25,71,10,2874.75901975,3.4544,7200.12,3470.35880753,tw-limprovement,tcs-b150-n1,7199.5536,0.0,-w 1800 -b 150 -r 10,3418.59343205,2638.75456433
157,twlib,atmost500,73.4671532847,3.0,353.0,81.0321333407,73.6861313869,3.0,353.0,80.8862447247,21,30,3,71.9159923567,5.7505,7200.1,573.51449572,tw-limprovement,jdrasil-b50-n1,7199.3235,0.0,"-w 1800 -b 50 -r 10 -s jdrasil -a '"" -log -t 900 -e PBLib_incremental ""'",573.770360278,68.099343949
157,twlib,atmost500,47.0737704918,3.0,127.0,36.2788028707,47.2704918033,3.0,127.0,36.2771783291,17,24,3,5.93839745223,1.3907,23.2157,4.65865978551,tw-limprovement,htd-b150-n1,10.5506,0.0,-w 1800 -b 150 -r 10 -s htd_main,2.53846487166,2.82823248408
157,twlib,atmost500,77.7153284672,3.0,363.0,87.1025383659,77.8905109489,3.0,363.0,86.9814617531,18,24,3,450.926602548,2.8845,7200.09,1428.41932953,tw-limprovement,tcs-b50-n1,7199.5101,0.0,-w 1800 -b 50 -r 10,1073.02056116,307.973387261
157,twlib,atmost500,47.131147541,3.0,127.0,36.3088111292,47.2704918033,3.0,127.0,36.2771783291,12,17,2,6.18471783439,2.0334,23.1135,4.58358935772,tw-limprovement,htd-b100-n1,10.3463,0.0,-w 1800 -b 100 -r 10 -s htd_main,2.56991980536,2.9509611465
157,twlib,atmost500,72.9057971014,3.0,318.0,79.9058650252,72.9275362319,3.0,318.0,79.8893064184,3,3,1,23.0006528662,5.1982,153.777,31.5062185753,tw-limprovement,jdrasil-b25-n1,152.9432,0.0,"-w 1800 -b 25 -r 10 -s jdrasil -a '"" -log -t 900 -e PBLib_incremental ""'",31.4478583011,19.3517656051
26,twlib,atmost5000,46.5833333333,4.0,129.0,30.0505612574,47.9583333333,4.0,129.0,30.2834136934,9,33,10,520.159292308,16.1222,7200.15,1524.87840807,tw-limprovement,jdrasil-b125-n1,7199.3007,0.0,"-w 1800 -b 125 -r 10 -s jdrasil -a '"" -log -t 900 -e PBLib_incremental ""'",1525.05964376,518.707942308
26,twlib,atmost5000,45.0434782609,4.0,129.0,30.163913209,45.9130434783,4.0,129.0,30.1841515361,7,20,6,737.9163,10.1998,7200.1,2027.74554217,tw-limprovement,tcs-b100-n1,7199.4179,0.0,-w 1800 -b 100 -r 10,2028.5603552,734.910957692
26,twlib,atmost5000,43.7647058824,4.0,129.0,34.6311446024,44.8823529412,4.0,129.0,34.965844679,6,19,7,2955.14897308,11.1846,7200.13,3340.74617223,tw-limprovement,tcs-b125-n1,7199.4471,0.0,-w 1800 -b 125 -r 10,3341.27973907,2953.83928462
26,twlib,atmost5000,46.1578947368,4.0,129.0,33.6274741475,46.8421052632,4.0,129.0,33.9071660041,7,13,3,1981.81613846,15.8366,7200.14,3047.20899973,tw-limprovement,jdrasil-b150-n1,7199.5365,0.0,"-w 1800 -b 150 -r 10 -s jdrasil -a '"" -log -t 900 -e PBLib_incremental ""'",3047.59028994,1980.49679231
26,twlib,atmost5000,47.16,4.0,129.0,29.7358930139,47.48,4.0,129.0,29.7421138007,6,8,2,56.5650692308,17.0363,175.707,44.6123331788,tw-limprovement,jdrasil-b100-n1,175.1007,0.0,"-w 1800 -b 100 -r 10 -s jdrasil -a '"" -log -t 900 -e PBLib_incremental ""'",45.3902119648,54.9853923077
26,twlib,atmost5000,47.16,4.0,129.0,29.7358930139,47.48,4.0,129.0,29.7421138007,6,8,2,62.72385,14.8429,238.776,56.2830792039,tw-limprovement,jdrasil-b75t1800-n1,237.8616,0.0,"-w 3600 -b 100 -r 10 -s jdrasil -a '"" -log -t 1800 -e PBLib_incremental ""'",56.8492131613,61.2497884615
26,twlib,atmost5000,41.5384615385,4.0,129.0,39.3692252583,42.0,4.0,129.0,39.6799697581,5,6,2,3377.40065385,11.2841,7200.15,3610.9541215,tw-limprovement,tcs-b150-n1,7199.4827,0.0,-w 1800 -b 150 -r 10,3611.54614576,3376.05981154
26,twlib,atmost5000,47.4,4.0,129.0,29.7377425729,47.48,4.0,129.0,29.7421138007,1,2,2,28.0063576923,15.8162,49.4376,9.0374693554,tw-limprovement,jdrasil-b75-n1,48.8045,0.0,"-w 1800 -b 75 -r 10 -s jdrasil -a '"" -log -t 900 -e PBLib_incremental ""'",10.3222585793,26.5768730769
26,twlib,atmost5000,47.44,4.0,129.0,29.7406567962,47.48,4.0,129.0,29.7421138007,1,1,1,16.1760692308,9.7673,32.4056,5.5485560657,tw-limprovement,htd-b150-n1,31.7843,0.0,-w 1800 -b 150 -r 10 -s htd_main,6.32313318536,15.0064692308
26,twlib,atmost5000,46.0416666667,4.0,129.0,29.5480142299,46.0833333333,4.0,129.0,29.5324680084,1,1,1,308.662446154,10.6187,7200.1,1405.83646945,tw-limprovement,tcs-b75-n1,7199.4262,0.0,-w 1800 -b 75 -r 10,1405.95940924,307.437796154
