instance,benchmark_name,width,width,width,width,ubound,ubound,ubound,ubound,abs_improvement,abs_improvement,abs_improvement,solved,time,time,time,time,solver,solver_config,wall,tw_range,wall,wall,wall,wall,solver_args
count,,mean,amin,amax,std,mean,amin,amax,std,count_nonzero,sum,amax,sum,mean,amin,amax,std,,,amin,,std,sum,mean,amax,
311,networks,15.1736334405,2.0,25.0,5.33358917894,16.0546623794,2.0,30.0,6.11293465756,150,274,7,311.0,125.199698392,2.2127,1882.67,342.203401305,tw-limprovement,tcs-b75-n1,1.6618,"(0, 25]",342.198585864,38747.0696,124.588648232,1882.1105,-w 1800 -b 75 -r 10
314,networks,15.347133758,2.0,25.0,5.48630663092,16.1847133758,2.0,29.0,6.19473305714,150,263,7,314.0,72.3854194268,4.985,907.082,130.922511975,tw-limprovement,jdrasil-b75-n1,4.4564,"(0, 25]",130.910716276,22486.4263,71.6128226115,906.0167,"-w 1800 -b 75 -r 10 -s jdrasil -a '"" -log -t 900 -e PBLib_incremental ""'"
288,networks,14.7569444444,2.0,25.0,5.32726407712,15.5173611111,2.0,30.0,6.02142319247,128,219,6,288.0,295.641864931,2.38,3809.53,634.195232319,tw-limprovement,tcs-b100-n1,1.8424,"(0, 25]",634.19607572,84933.4209,294.907711458,3808.777,-w 1800 -b 100 -r 10
309,networks,15.2912621359,2.0,25.0,5.46469970651,15.9579288026,2.0,29.0,6.01363523031,125,206,4,309.0,16.6539404531,5.0889,65.5594,10.3107706045,tw-limprovement,jdrasil-b50-n1,4.501,"(0, 25]",10.2870144417,4929.1212,15.9518485437,64.9897,"-w 1800 -b 50 -r 10 -s jdrasil -a '"" -log -t 900 -e PBLib_incremental ""'"
268,networks,14.6007462687,2.0,25.0,5.49983991961,15.3619402985,2.0,30.0,6.2745821566,105,204,5,268.0,176.202546269,5.1223,5301.84,565.037641471,tw-limprovement,jdrasil-b75t1800-n1,4.3169,"(0, 25]",565.036769272,47004.3775,175.389468284,5301.0925,"-w 3600 -b 100 -r 10 -s jdrasil -a '"" -log -t 1800 -e PBLib_incremental ""'"
267,networks,14.5468164794,2.0,25.0,5.45803015845,15.265917603,2.0,30.0,6.18697390114,101,192,5,267.0,162.895964419,4.6001,7109.83,572.918990176,tw-limprovement,jdrasil-b100-n1,3.9435,"(0, 25]",572.913302227,43281.2857,162.102193633,7109.0414,"-w 1800 -b 100 -r 10 -s jdrasil -a '"" -log -t 900 -e PBLib_incremental ""'"
256,networks,14.16015625,2.0,24.0,5.24551483249,14.8359375,2.0,30.0,5.90815633464,95,173,7,256.0,158.06511875,4.863,7095.79,573.009894541,tw-limprovement,jdrasil-b150-n1,4.2944,"(0, 25]",573.009979787,40251.7038,157.233217969,7095.0299,"-w 1800 -b 150 -r 10 -s jdrasil -a '"" -log -t 900 -e PBLib_incremental ""'"
255,networks,14.1568627451,2.0,25.0,5.25181839158,14.8,2.0,30.0,5.88431787469,93,164,7,255.0,150.696146667,5.0458,7035.08,605.776978966,tw-limprovement,jdrasil-b125-n1,4.1446,"(0, 25]",605.771736721,38215.6992,149.865487059,7034.1808,"-w 1800 -b 125 -r 10 -s jdrasil -a '"" -log -t 900 -e PBLib_incremental ""'"
304,networks,15.2861842105,2.0,25.0,5.5228603741,15.7664473684,2.0,27.0,5.87055576253,100,146,4,304.0,7.56707598684,2.1979,57.9085,5.19319739464,tw-limprovement,tcs-b50-n1,1.6443,"(0, 25]",5.17880019542,2119.2482,6.97121118421,57.2029,-w 1800 -b 50 -r 10
255,networks,13.9137254902,2.0,24.0,4.97952578173,14.4196078431,2.0,27.0,5.39615711934,95,129,3,255.0,146.109402745,2.7867,2161.85,309.129599103,tw-limprovement,tcs-b125-n1,2.1626,"(0, 25]",309.104845798,37078.608,145.406305882,2161.084,-w 1800 -b 125 -r 10
250,networks,13.868,2.0,24.0,5.01669662028,14.332,2.0,27.0,5.40988385952,90,116,3,250.0,144.7354936,2.9003,2112.76,320.877803472,tw-limprovement,tcs-b150-n1,2.1024,"(0, 25]",320.857043302,36001.3774,144.0055096,2112.0069,-w 1800 -b 150 -r 10
293,networks,15.0443686007,2.0,25.0,5.34572649963,15.3822525597,2.0,29.0,5.62929827049,76,99,4,293.0,4.44846518771,1.5365,57.976,4.86254216982,tw-limprovement,htd-b150-n1,0.9847,"(0, 25]",4.87070239923,1102.0306,3.76119658703,57.1892,-w 1800 -b 150 -r 10 -s htd_main
293,networks,15.1365187713,2.0,25.0,5.45483926447,15.3959044369,2.0,30.0,5.66171808394,57,76,5,293.0,4.2617559727,1.5183,58.39,4.71629468806,tw-limprovement,htd-b100-n1,0.9844,"(0, 25]",4.7223672073,1062.8089,3.62733412969,57.8307,-w 1800 -b 100 -r 10 -s htd_main
290,networks,15.2206896552,2.0,25.0,5.52373797203,15.2551724138,2.0,25.0,5.5159778114,9,10,2,290.0,9.93208103448,4.2399,64.2919,5.87531730794,tw-limprovement,jdrasil-b25-n1,3.6576,"(0, 25]",5.87886340107,2699.1186,9.30730551724,63.6318,"-w 1800 -b 25 -r 10 -s jdrasil -a '"" -log -t 900 -e PBLib_incremental ""'"
217,networks,36.3778801843,26.0,50.0,6.40927201075,40.5668202765,27.0,60.0,7.60399538802,192,909,12,217.0,611.204725346,11.8685,7032.89,1229.57825323,tw-limprovement,jdrasil-b75t1800-n1,11.3032,"(25, 50]",1229.56065122,132445.6889,610.348796774,7031.9974,"-w 3600 -b 100 -r 10 -s jdrasil -a '"" -log -t 1800 -e PBLib_incremental ""'"
206,networks,36.567961165,27.0,50.0,6.42576693484,40.6893203883,27.0,60.0,7.65350756663,180,849,12,206.0,399.658965049,13.6027,5498.04,740.90761883,tw-limprovement,jdrasil-b100-n1,12.7347,"(25, 50]",740.899637251,82153.2488,398.802178641,5497.2573,"-w 1800 -b 100 -r 10 -s jdrasil -a '"" -log -t 900 -e PBLib_incremental ""'"
197,networks,37.0913705584,26.0,50.0,7.18500256698,40.5076142132,27.0,62.0,8.3955887891,162,673,12,197.0,1508.29012081,6.879,7192.3,1814.36716287,tw-limprovement,tcs-b100-n1,6.2139,"(25, 50]",1814.36481809,296986.6579,1507.5464868,7191.5343,-w 1800 -b 100 -r 10
229,networks,35.4410480349,26.0,50.0,6.96811477074,38.1746724891,27.0,54.0,6.96136364327,175,626,10,229.0,73.7477366812,10.7369,311.831,49.4353953521,tw-limprovement,jdrasil-b75-n1,10.117,"(25, 50]",49.4152451343,16710.0628,72.9697065502,311.2951,"-w 1800 -b 75 -r 10 -s jdrasil -a '"" -log -t 900 -e PBLib_incremental ""'"
228,networks,35.7061403509,26.0,50.0,7.2267587081,37.9473684211,27.0,51.0,7.04590624451,153,511,11,228.0,239.649572807,6.9397,3060.3,548.271971398,tw-limprovement,tcs-b75-n1,6.4025,"(25, 50]",548.265433728,54493.8799,239.008245175,3059.6539,-w 1800 -b 75 -r 10
113,networks,35.9026548673,26.0,50.0,7.0987481313,40.2743362832,27.0,63.0,8.78030241467,102,494,15,113.0,1279.68270354,11.7971,6368.49,1396.33907455,tw-limprovement,jdrasil-b125-n1,10.9979,"(25, 50]",1396.32496506,144509.7891,1278.84769115,6367.6027,"-w 1800 -b 125 -r 10 -s jdrasil -a '"" -log -t 900 -e PBLib_incremental ""'"
50,networks,34.8,26.0,49.0,6.49646685766,38.98,27.0,56.0,7.45459726666,45,209,10,50.0,1144.792114,13.1122,5012.22,1449.32665139,tw-limprovement,jdrasil-b150-n1,12.2652,"(25, 50]",1449.33689366,57198.8859,1143.977718,5011.5935,"-w 1800 -b 150 -r 10 -s jdrasil -a '"" -log -t 900 -e PBLib_incremental ""'"
253,networks,36.2411067194,26.0,50.0,7.41253027781,36.9169960474,26.0,51.0,7.32934331848,103,171,5,253.0,9.40969288538,1.5733,30.4158,7.29332105521,tw-limprovement,htd-b150-n1,0.974,"(25, 50]",7.29705750679,2223.0488,8.7867541502,29.8515,-w 1800 -b 150 -r 10 -s htd_main
253,networks,36.3794466403,26.0,50.0,7.49962250969,36.9011857708,26.0,51.0,7.34699205384,78,132,5,253.0,9.71577233202,1.5907,33.9097,7.22498019007,tw-limprovement,htd-b100-n1,0.9688,"(25, 50]",7.21931492423,2302.6686,9.101456917,33.3696,-w 1800 -b 100 -r 10 -s htd_main
60,networks,38.7,27.0,50.0,7.18119011901,40.4166666667,27.0,55.0,7.60528733712,38,103,9,60.0,2022.53428167,6.291,6656.79,2001.51723934,tw-limprovement,tcs-b125-n1,5.7399,"(25, 50]",2001.49975102,121308.7833,2021.813055,6656.0544,-w 1800 -b 125 -r 10
284,networks,38.6232394366,26.0,50.0,7.27177772669,38.8697183099,27.0,50.0,7.02297581654,43,70,4,284.0,32.9384704225,8.9072,105.947,25.689452149,tw-limprovement,jdrasil-b50-n1,8.2773,"(25, 50]",25.6862730186,9121.8161,32.1190707746,105.3942,"-w 1800 -b 50 -r 10 -s jdrasil -a '"" -log -t 900 -e PBLib_incremental ""'"
27,networks,37.7777777778,27.0,48.0,7.30823209882,39.9259259259,27.0,55.0,7.56980807564,17,58,7,27.0,1447.45237407,6.3341,7082.04,2377.79715723,tw-limprovement,tcs-b150-n1,5.72,"(25, 50]",2377.76799137,39061.2463,1446.71282593,7081.2549,-w 1800 -b 150 -r 10
276,networks,38.6123188406,26.0,50.0,7.23916572691,38.7246376812,26.0,50.0,7.10724917091,21,31,4,276.0,89.7793177536,7.3574,3279.82,360.511477895,tw-limprovement,tcs-b50-n1,6.7943,"(25, 50]",360.502222784,24604.9595,89.1484039855,3279.2248,-w 1800 -b 50 -r 10
54,networks,59.462962963,51.0,72.0,6.42727960576,67.4074074074,52.0,84.0,8.13916346014,49,429,16,54.0,659.023101852,29.7752,1694.74,517.112661998,tw-limprovement,jdrasil-b125-n1,29.1591,"(50, 75]",517.092404179,35537.7444,658.106377778,1693.8864,"-w 1800 -b 125 -r 10 -s jdrasil -a '"" -log -t 900 -e PBLib_incremental ""'"
31,networks,60.7096774194,51.0,75.0,7.52415465191,69.8064516129,54.0,95.0,11.7286525365,27,282,20,31.0,1624.4810129,33.864,7195.95,1786.91916075,tw-limprovement,jdrasil-b150-n1,33.2145,"(50, 75]",1786.90129739,50333.4335,1623.65914516,7195.3607,"-w 1800 -b 150 -r 10 -s jdrasil -a '"" -log -t 900 -e PBLib_incremental ""'"
57,networks,60.7192982456,51.0,75.0,7.62222873754,64.2807017544,52.0,75.0,6.35765676163,33,203,13,57.0,153.056375439,23.9884,1216.07,178.588454409,tw-limprovement,jdrasil-b75t1800-n1,22.739,"(50, 75]",178.588841964,8674.8082,152.189617544,1215.3385,"-w 3600 -b 100 -r 10 -s jdrasil -a '"" -log -t 1800 -e PBLib_incremental ""'"
57,networks,60.7192982456,51.0,75.0,7.62222873754,64.2807017544,52.0,75.0,6.35765676163,33,203,13,57.0,154.040787719,20.8608,1231.41,181.925080513,tw-limprovement,jdrasil-b100-n1,19.87,"(50, 75]",181.926687142,8732.635,153.204122807,1230.6644,"-w 1800 -b 100 -r 10 -s jdrasil -a '"" -log -t 900 -e PBLib_incremental ""'"
49,networks,61.0612244898,51.0,75.0,8.19402262645,64.4693877551,52.0,75.0,6.64925447205,25,167,15,49.0,217.287020408,13.9611,1500.48,421.637619539,tw-limprovement,tcs-b100-n1,13.3367,"(50, 75]",421.673814119,10605.4911,216.438593878,1499.8105,-w 1800 -b 100 -r 10
25,networks,60.2,52.0,75.0,7.65941686205,66.4,54.0,89.0,10.9163485959,23,155,19,25.0,1244.704856,11.7224,5854.98,1705.18601168,tw-limprovement,tcs-b125-n1,11.0005,"(50, 75]",1705.16442934,31099.1483,1243.965932,5854.2202,-w 1800 -b 125 -r 10
14,networks,59.1428571429,51.0,69.0,7.31549612237,63.2142857143,54.0,78.0,9.47205258747,12,57,9,14.0,2036.56761429,12.2366,6627.97,3004.37199317,tw-limprovement,tcs-b150-n1,11.506,"(50, 75]",3004.35454393,28501.8801,2035.84857857,6627.1389,-w 1800 -b 150 -r 10
77,networks,60.974025974,51.0,75.0,6.91104003517,61.6623376623,51.0,75.0,7.17013247622,20,53,6,77.0,7.45006103896,2.1089,20.0856,2.95600611602,tw-limprovement,htd-b150-n1,1.446,"(50, 75]",2.96251866656,525.6176,6.8262025974,19.5279,-w 1800 -b 150 -r 10 -s htd_main
77,networks,61.2207792208,51.0,75.0,7.23773622762,61.6623376623,51.0,75.0,7.17013247622,15,34,7,77.0,8.18298701299,2.0858,20.1815,2.91361236726,tw-limprovement,htd-b100-n1,1.4875,"(50, 75]",2.90283225737,582.5952,7.56617142857,19.5372,-w 1800 -b 100 -r 10 -s htd_main
74,networks,61.6216216216,51.0,75.0,7.22003055187,61.6891891892,51.0,75.0,7.15565812272,3,5,2,74.0,25.3252945946,12.2806,38.9989,5.4709734627,tw-limprovement,tcs-b75-n1,11.646,"(50, 75]",5.46804703925,1827.0765,24.690222973,38.4021,-w 1800 -b 75 -r 10
75,networks,61.8666666667,51.0,75.0,7.14773321341,61.9066666667,51.0,75.0,7.10000634437,2,3,2,75.0,22.911744,9.0347,42.8341,5.34120153094,tw-limprovement,jdrasil-b75-n1,8.3954,"(50, 75]",5.31900437923,1660.2037,22.1360493333,41.9708,"-w 1800 -b 75 -r 10 -s jdrasil -a '"" -log -t 900 -e PBLib_incremental ""'"
19,networks,84.6315789474,76.0,95.0,4.70473197153,95.4736842105,81.0,102.0,5.31631055289,17,206,18,19.0,797.080526316,38.9831,4056.35,862.716188356,tw-limprovement,jdrasil-b150-n1,38.0724,"(75, 100]",862.705549768,15128.5773,796.240910526,4055.4992,"-w 1800 -b 150 -r 10 -s jdrasil -a '"" -log -t 900 -e PBLib_incremental ""'"
17,networks,88.1176470588,76.0,99.0,7.73694346093,92.1176470588,76.0,101.0,7.46560741786,12,68,14,17.0,1455.80072353,53.0331,5718.54,2101.02069632,tw-limprovement,tcs-b150-n1,52.3028,"(75, 100]",2101.00791803,24735.5906,1455.03474118,5717.7137,-w 1800 -b 150 -r 10
26,networks,91.1538461538,76.0,99.0,7.54555396345,91.9615384615,76.0,99.0,6.93674718715,5,21,8,26.0,97.4565692308,31.868,406.225,108.395072317,tw-limprovement,jdrasil-b125-n1,31.0985,"(75, 100]",108.412761092,2511.6294,96.6011307692,405.4021,"-w 1800 -b 125 -r 10 -s jdrasil -a '"" -log -t 900 -e PBLib_incremental ""'"
26,networks,91.3846153846,76.0,99.0,7.48372593339,92.1538461538,76.0,99.0,6.8858829946,5,20,7,26.0,113.301373077,35.9491,1268.37,237.990651074,tw-limprovement,tcs-b125-n1,35.4169,"(75, 100]",238.006387809,2927.001,112.576961538,1267.733,-w 1800 -b 125 -r 10
38,networks,88.0263157895,76.0,99.0,8.29029664681,88.5,76.0,99.0,8.25521947913,7,18,9,38.0,12.3733394737,4.4849,21.4729,3.17676939235,tw-limprovement,htd-b150-n1,3.9122,"(75, 100]",3.14666328762,446.1883,11.7417973684,20.9038,-w 1800 -b 150 -r 10 -s htd_main
19,networks,113.315789474,101.0,125.0,7.82483675072,113.526315789,101.0,128.0,8.17427143238,1,4,4,19.0,17.0767421053,11.3924,21.0397,3.07423326345,tw-limprovement,htd-b150-n1,10.8461,"(100, 125]",3.03938358393,313.2181,16.4851631579,20.4781,-w 1800 -b 150 -r 10 -s htd_main
17,networks,114.705882353,104.0,125.0,7.02464150226,114.941176471,104.0,128.0,7.41173552749,1,4,4,17.0,47.1975,37.8039,123.841,19.9805618557,tw-limprovement,jdrasil-b150-n1,37.028,"(100, 125]",20.0095967798,787.3726,46.3160352941,123.0287,"-w 1800 -b 150 -r 10 -s jdrasil -a '"" -log -t 900 -e PBLib_incremental ""'"
38,pace2016,6.47368421053,1.0,25.0,7.19886192997,6.71052631579,1.0,29.0,7.76655301028,4,9,5,38.0,7.03824210526,1.3286,99.1258,16.7627167938,tw-limprovement,tcs-b75-n1,0.8002,"(0, 25]",16.7767999528,244.7788,6.44154736842,98.6016,-w 1800 -b 75 -r 10
38,pace2016,6.47368421053,1.0,25.0,7.19886192997,6.71052631579,1.0,29.0,7.76655301028,4,9,5,38.0,7.05821052632,3.8527,19.5176,3.24771282521,tw-limprovement,jdrasil-b50-n1,3.2566,"(0, 25]",3.19598586534,242.4053,6.37908684211,18.7556,"-w 1800 -b 50 -r 10 -s jdrasil -a '"" -log -t 900 -e PBLib_incremental ""'"
37,pace2016,5.97297297297,1.0,24.0,6.59328988226,6.21621621622,1.0,29.0,7.24237198382,4,9,5,37.0,7.87218918919,1.9475,104.463,17.7659575808,tw-limprovement,tcs-b125-n1,1.4284,"(0, 25]",17.758865214,265.667,7.18018918919,103.7339,-w 1800 -b 125 -r 10
37,pace2016,5.97297297297,1.0,24.0,6.59328988226,6.21621621622,1.0,29.0,7.24237198382,4,9,5,37.0,8.07487297297,1.6871,113.144,19.1146135221,tw-limprovement,tcs-b150-n1,1.0389,"(0, 25]",19.0866368897,272.5841,7.36713783784,112.2604,-w 1800 -b 150 -r 10
38,pace2016,6.47368421053,1.0,25.0,7.19886192997,6.71052631579,1.0,29.0,7.76655301028,4,9,5,38.0,12.8069815789,4.5258,166.746,25.8827617928,tw-limprovement,jdrasil-b75-n1,3.8672,"(0, 25]",25.9000299794,458.0729,12.05455,166.185,"-w 1800 -b 75 -r 10 -s jdrasil -a '"" -log -t 900 -e PBLib_incremental ""'"
38,pace2016,6.47368421053,1.0,25.0,7.19886192997,6.71052631579,1.0,29.0,7.76655301028,4,9,5,38.0,13.5578157895,4.4732,181.175,29.6453029766,tw-limprovement,jdrasil-b75t1800-n1,3.4367,"(0, 25]",29.6451782507,483.6997,12.7289394737,180.3304,"-w 3600 -b 100 -r 10 -s jdrasil -a '"" -log -t 1800 -e PBLib_incremental ""'"
38,pace2016,6.47368421053,1.0,25.0,7.19886192997,6.71052631579,1.0,29.0,7.76655301028,4,9,5,38.0,14.2160947368,1.9783,256.446,43.7379166827,tw-limprovement,tcs-b100-n1,1.3722,"(0, 25]",43.7234527221,514.0699,13.5281552632,255.6523,-w 1800 -b 100 -r 10
38,pace2016,6.47368421053,1.0,25.0,7.19886192997,6.71052631579,1.0,29.0,7.76655301028,4,9,5,38.0,14.6537,5.0413,186.571,30.1900604238,tw-limprovement,jdrasil-b125-n1,4.2585,"(0, 25]",30.1897241141,527.3344,13.8772210526,185.7277,"-w 1800 -b 125 -r 10 -s jdrasil -a '"" -log -t 900 -e PBLib_incremental ""'"
38,pace2016,6.47368421053,1.0,25.0,7.19886192997,6.71052631579,1.0,29.0,7.76655301028,4,9,5,38.0,14.8885578947,4.0582,173.593,28.4435097288,tw-limprovement,jdrasil-b100-n1,3.2912,"(0, 25]",28.4165558743,534.6218,14.0689947368,172.7629,"-w 1800 -b 100 -r 10 -s jdrasil -a '"" -log -t 900 -e PBLib_incremental ""'"
38,pace2016,6.47368421053,1.0,25.0,7.19886192997,6.71052631579,1.0,29.0,7.76655301028,4,9,5,38.0,15.5832815789,4.105,195.521,31.8931573045,tw-limprovement,jdrasil-b150-n1,3.2947,"(0, 25]",31.9257915357,562.2279,14.7954710526,194.966,"-w 1800 -b 150 -r 10 -s jdrasil -a '"" -log -t 900 -e PBLib_incremental ""'"
37,pace2016,6.0,1.0,25.0,6.67083203206,6.10810810811,1.0,25.0,6.91529618464,3,4,2,37.0,3.34786756757,1.4371,13.3839,2.62435935866,tw-limprovement,tcs-b50-n1,0.8756,"(0, 25]",2.62340493119,102.422,2.76816216216,12.8518,-w 1800 -b 50 -r 10
13,pace2016,32.6923076923,26.0,50.0,8.5086682799,33.5384615385,26.0,51.0,9.32394216176,4,11,6,13.0,372.396184615,6.0725,4062.01,1114.00008022,tw-limprovement,tcs-b100-n1,5.395,"(25, 50]",1113.99221596,4831.9995,371.692269231,4061.2719,-w 1800 -b 100 -r 10
14,pace2016,33.2142857143,26.0,50.0,9.24186604058,33.7142857143,26.0,51.0,9.89505370941,4,7,3,14.0,132.182357143,6.4197,1284.7,339.027859205,tw-limprovement,tcs-b150-n1,5.703,"(25, 50]",339.015857261,1840.6105,131.472178571,1283.9374,-w 1800 -b 150 -r 10
14,pace2016,33.2142857143,26.0,50.0,9.24186604058,33.7142857143,26.0,51.0,9.89505370941,4,7,3,14.0,189.373164286,6.3641,1307.01,406.245406673,tw-limprovement,tcs-b125-n1,5.683,"(25, 50]",406.253077933,2641.2493,188.660664286,1306.356,-w 1800 -b 125 -r 10
17,pace2016,32.7647058824,26.0,50.0,8.55518418683,33.1764705882,26.0,51.0,9.15310940417,4,7,3,17.0,327.699076471,8.3717,3389.54,913.456275187,tw-limprovement,jdrasil-b100-n1,7.672,"(25, 50]",913.333520353,5557.1907,326.893570588,3388.0717,"-w 1800 -b 100 -r 10 -s jdrasil -a '"" -log -t 900 -e PBLib_incremental ""'"
16,pace2016,32.5625,26.0,50.0,8.79370039669,33.0,26.0,51.0,9.42337519151,4,7,3,16.0,522.48030625,6.4636,4371.25,1382.6972942,tw-limprovement,jdrasil-b75t1800-n1,5.7973,"(25, 50]",1382.68554565,8347.2005,521.70003125,4370.4689,"-w 3600 -b 100 -r 10 -s jdrasil -a '"" -log -t 1800 -e PBLib_incremental ""'"
16,pace2016,32.625,26.0,50.0,8.08187272027,33.0,26.0,50.0,8.41427358719,3,6,4,16.0,22.2964,7.191,166.525,38.8042347351,tw-limprovement,jdrasil-b75-n1,6.4841,"(25, 50]",38.8136094299,345.5519,21.59699375,165.9022,"-w 1800 -b 75 -r 10 -s jdrasil -a '"" -log -t 900 -e PBLib_incremental ""'"
13,pace2016,33.6153846154,26.0,50.0,8.82740488043,34.0769230769,26.0,50.0,9.04121616507,4,6,3,13.0,48.7505538462,5.6583,243.495,77.0405713264,tw-limprovement,tcs-b75-n1,5.1398,"(25, 50]",77.0354928372,626.1224,48.1632615385,242.9105,-w 1800 -b 75 -r 10
18,pace2016,32.2222222222,26.0,50.0,7.89307630742,32.4444444444,26.0,50.0,8.07481358169,2,4,2,18.0,3.12562222222,1.7695,7.7412,1.52414480768,tw-limprovement,htd-b150-n1,1.2393,"(25, 50]",1.53537420089,45.6303,2.53501666667,7.1777,-w 1800 -b 150 -r 10 -s htd_main
18,pace2016,32.2222222222,26.0,50.0,7.89307630742,32.4444444444,26.0,50.0,8.07481358169,2,4,2,18.0,3.24713333333,1.9059,7.7458,1.51559830624,tw-limprovement,htd-b100-n1,1.2988,"(25, 50]",1.57591448559,46.395,2.5775,7.1756,-w 1800 -b 100 -r 10 -s htd_main
15,pace2016,31.5333333333,26.0,50.0,8.04333501076,31.8,26.0,50.0,8.39387531818,3,4,2,15.0,19.2859133333,7.4525,57.5004,15.6327803204,tw-limprovement,jdrasil-b150-n1,6.8771,"(25, 50]",15.6619635932,277.7309,18.5153933333,56.9043,"-w 1800 -b 150 -r 10 -s jdrasil -a '"" -log -t 900 -e PBLib_incremental ""'"
15,pace2016,31.5333333333,26.0,50.0,8.04333501076,31.8,26.0,50.0,8.39387531818,3,4,2,15.0,19.5033666667,6.0818,62.9706,16.3626896609,tw-limprovement,jdrasil-b125-n1,5.5056,"(25, 50]",16.2771613594,278.4679,18.5645266667,61.6366,"-w 1800 -b 125 -r 10 -s jdrasil -a '"" -log -t 900 -e PBLib_incremental ""'"
15,pace2016,33.1333333333,26.0,50.0,8.74125413253,33.3333333333,26.0,50.0,8.59955702071,1,3,3,15.0,25.3788666667,6.4015,245.99,61.1730634591,tw-limprovement,tcs-b50-n1,5.8892,"(25, 50]",61.1487665374,371.7277,24.7818466667,245.3151,-w 1800 -b 50 -r 10
6,pace2016,62.8333333333,54.0,72.0,7.67897562613,65.8333333333,54.0,77.0,9.57949198375,4,18,11,6.0,1186.69758333,12.2255,6869.37,2784.27121645,tw-limprovement,tcs-b150-n1,11.517,"(50, 75]",2784.2393999,7115.9574,1185.9929,6868.6008,-w 1800 -b 150 -r 10
7,pace2016,62.4285714286,54.0,71.0,7.02037850017,64.7142857143,54.0,77.0,9.2324479548,5,16,10,7.0,59.2751857143,12.6484,196.602,63.9681621692,tw-limprovement,jdrasil-b100-n1,11.791,"(50, 75]",63.9386928792,410.2348,58.6049714286,195.8563,"-w 1800 -b 100 -r 10 -s jdrasil -a '"" -log -t 900 -e PBLib_incremental ""'"
7,pace2016,62.4285714286,54.0,71.0,7.02037850017,64.7142857143,54.0,77.0,9.2324479548,5,16,10,7.0,66.9877857143,17.54,211.878,67.6240113658,tw-limprovement,jdrasil-b75t1800-n1,16.7394,"(50, 75]",67.5814425905,463.6401,66.2343,211.0644,"-w 3600 -b 100 -r 10 -s jdrasil -a '"" -log -t 1800 -e PBLib_incremental ""'"
7,pace2016,62.4285714286,54.0,71.0,7.02037850017,64.7142857143,54.0,77.0,9.2324479548,5,16,10,7.0,67.3000571429,14.1512,142.813,53.9324914111,tw-limprovement,jdrasil-b125-n1,13.4548,"(50, 75]",53.8119179629,465.5796,66.5113714286,141.534,"-w 1800 -b 125 -r 10 -s jdrasil -a '"" -log -t 900 -e PBLib_incremental ""'"
6,pace2016,60.1666666667,54.0,71.0,6.55489638871,62.6666666667,54.0,72.0,8.18942407417,4,15,11,6.0,65.9778666667,19.5858,146.376,45.9212843549,tw-limprovement,jdrasil-b150-n1,18.0373,"(50, 75]",46.1110779856,390.6555,65.10925,145.6249,"-w 1800 -b 150 -r 10 -s jdrasil -a '"" -log -t 900 -e PBLib_incremental ""'"
7,pace2016,63.5714285714,54.0,72.0,7.9342536481,64.7142857143,54.0,77.0,9.2324479548,4,8,5,7.0,423.264514286,12.6927,2712.83,1010.40355416,tw-limprovement,tcs-b100-n1,12.023,"(50, 75]",1010.40449405,2957.9999,422.571414286,2712.138,-w 1800 -b 100 -r 10
7,pace2016,63.5714285714,54.0,72.0,7.9342536481,64.7142857143,54.0,77.0,9.2324479548,4,8,5,7.0,1021.36495714,12.4817,6787.11,2542.82089875,tw-limprovement,tcs-b125-n1,11.8494,"(50, 75]",2542.76561205,7144.6332,1020.66188571,6786.2814,-w 1800 -b 125 -r 10
8,pace2016,62.75,51.0,75.0,9.4377660795,63.0,51.0,77.0,9.82707629824,1,2,2,8.0,4.894875,2.8096,7.1628,1.40510223395,tw-limprovement,htd-b150-n1,2.2576,"(50, 75]",1.39994248326,33.8014,4.225175,6.4146,-w 1800 -b 150 -r 10 -s htd_main
4,pace2016,92.0,79.0,100.0,9.05538513814,96.25,83.0,104.0,9.17877987534,3,17,10,4.0,1548.651675,33.555,6080.71,3021.37820725,tw-limprovement,tcs-b150-n1,32.7805,"(75, 100]",3021.43799736,6191.4545,1547.863625,6080.0117,-w 1800 -b 150 -r 10
4,pace2016,93.25,79.0,100.0,9.74251849712,96.75,83.0,106.0,9.77667291737,3,14,7,4.0,708.0667,32.3108,2716.87,1339.21957401,tw-limprovement,tcs-b125-n1,31.4652,"(75, 100]",1339.23773614,2829.0349,707.258725,2716.0891,-w 1800 -b 125 -r 10
3,pace2016,98.0,95.0,100.0,2.64575131106,100.666666667,98.0,104.0,3.0550504633,2,8,5,3.0,101.961333333,41.8174,169.5,64.1616953212,tw-limprovement,jdrasil-b150-n1,41.0298,"(75, 100]",64.1736285995,303.5138,101.171266667,168.7321,"-w 1800 -b 150 -r 10 -s jdrasil -a '"" -log -t 900 -e PBLib_incremental ""'"
4,pace2016,88.5,77.0,100.0,12.179217271,89.5,77.0,100.0,11.2694276696,1,4,4,4.0,35.835775,29.028,42.9336,6.21036552353,tw-limprovement,tcs-b100-n1,28.3061,"(75, 100]",6.19550624156,140.4329,35.108225,42.1994,-w 1800 -b 100 -r 10
4,pace2016,88.75,76.0,100.0,11.1766124862,89.5,77.0,100.0,11.2694276696,2,3,2,4.0,6.3563,3.4834,11.5157,3.69696994578,tw-limprovement,htd-b150-n1,2.9477,"(75, 100]",3.659451942,23.2341,5.808525,10.906,-w 1800 -b 150 -r 10 -s htd_main
2,pace2016,97.5,95.0,100.0,3.53553390593,99.0,98.0,100.0,1.41421356237,1,3,3,2.0,64.6289,41.4028,87.855,32.846665621,tw-limprovement,jdrasil-b125-n1,40.7394,"(75, 100]",32.5867331683,127.5634,63.7817,86.824,"-w 1800 -b 125 -r 10 -s jdrasil -a '"" -log -t 900 -e PBLib_incremental ""'"
5,pace2016,86.8,76.0,100.0,11.4760620424,87.0,77.0,100.0,11.2472218792,1,1,1,5.0,6.36642,3.5406,10.9594,2.97980091986,tw-limprovement,htd-b100-n1,3.0074,"(75, 100]",2.98642343816,29.0384,5.80768,10.4235,-w 1800 -b 100 -r 10 -s htd_main
5,pace2016,86.8,76.0,100.0,11.4760620424,87.0,77.0,100.0,11.2472218792,1,1,1,5.0,16.18886,13.8078,20.5422,2.68382001036,tw-limprovement,jdrasil-b50-n1,13.0403,"(75, 100]",2.73508037414,77.6603,15.53206,19.9645,"-w 1800 -b 50 -r 10 -s jdrasil -a '"" -log -t 900 -e PBLib_incremental ""'"
5,pace2016,86.8,76.0,100.0,11.4760620424,87.0,77.0,100.0,11.2472218792,1,1,1,5.0,16.99146,14.0785,21.3416,2.82392022161,tw-limprovement,jdrasil-b25-n1,13.1564,"(75, 100]",2.90724910474,81.5021,16.30042,20.7391,"-w 1800 -b 25 -r 10 -s jdrasil -a '"" -log -t 900 -e PBLib_incremental ""'"
5,pace2016,86.8,76.0,100.0,11.4760620424,87.0,77.0,100.0,11.2472218792,1,1,1,5.0,18.31742,13.739,23.5116,3.88741550931,tw-limprovement,jdrasil-b75-n1,13.0165,"(75, 100]",3.8780560063,88.1048,17.62096,22.8425,"-w 1800 -b 75 -r 10 -s jdrasil -a '"" -log -t 900 -e PBLib_incremental ""'"
5,pace2016,86.8,76.0,100.0,11.4760620424,87.0,77.0,100.0,11.2472218792,1,1,1,5.0,32.44634,27.6141,40.3979,5.03065536019,tw-limprovement,tcs-b50-n1,27.0242,"(75, 100]",5.07406236678,159.1871,31.83742,39.8172,-w 1800 -b 50 -r 10
5,pace2016,86.8,76.0,100.0,11.4760620424,87.0,77.0,100.0,11.2472218792,1,1,1,5.0,32.78542,26.0573,40.6096,5.356039488,tw-limprovement,tcs-b75-n1,25.3983,"(75, 100]",5.39139134334,160.8851,32.17702,40.0692,-w 1800 -b 75 -r 10
3,pace2016,104.666666667,101.0,109.0,4.04145188433,105.666666667,104.0,109.0,2.88675134595,1,3,3,3.0,59.6871333333,40.4739,80.8657,20.2674931391,tw-limprovement,tcs-b125-n1,39.7256,"(100, 125]",20.314172219,176.9231,58.9743666667,80.2082,-w 1800 -b 125 -r 10
2,pace2016,103.0,102.0,104.0,1.41421356237,104.0,104.0,104.0,0.0,1,2,2,2.0,96.3476,35.0102,157.685,86.7441829607,tw-limprovement,jdrasil-b125-n1,34.1968,"(100, 125]",85.8535819698,189.8089,94.90445,155.6121,"-w 1800 -b 125 -r 10 -s jdrasil -a '"" -log -t 900 -e PBLib_incremental ""'"
3,pace2016,132.333333333,126.0,138.0,6.02771377334,137.0,134.0,142.0,4.35889894354,3,14,8,3.0,148.872966667,49.3859,254.559,102.726922624,tw-limprovement,jdrasil-b150-n1,48.5306,"(125, 150]",102.66773306,443.932,147.977333333,253.5883,"-w 1800 -b 150 -r 10 -s jdrasil -a '"" -log -t 900 -e PBLib_incremental ""'"
2,pace2016,134.5,133.0,136.0,2.12132034356,138.5,135.0,142.0,4.94974746831,2,8,6,2.0,116.89745,84.1709,149.624,46.2823308597,tw-limprovement,tcs-b150-n1,83.3875,"(125, 150]",46.4217723169,232.4253,116.21265,149.0378,-w 1800 -b 150 -r 10
3,pace2016,135.333333333,129.0,142.0,6.50640709865,137.0,134.0,142.0,4.35889894354,1,5,5,3.0,10.3547,10.2194,10.5652,0.184758463947,tw-limprovement,htd-b150-n1,9.614,"(125, 150]",0.194576780047,29.2955,9.76516666667,9.9847,-w 1800 -b 150 -r 10 -s htd_main
219,transit,13.00456621,4.0,25.0,5.72576481562,13.5753424658,4.0,27.0,6.21167399372,95,125,5,219.0,14.5747109589,2.1448,616.465,58.9753357853,tw-limprovement,tcs-b75-n1,1.6424,"(0, 25]",58.9740678619,3058.4189,13.965383105,615.9398,-w 1800 -b 75 -r 10
216,transit,12.9027777778,4.0,25.0,5.69902412427,13.4768518519,4.0,31.0,6.22294488697,92,124,6,216.0,102.805029167,2.0685,6836.81,620.471045513,tw-limprovement,tcs-b100-n1,1.5423,"(0, 25]",620.48088093,22045.3185,102.061659722,6836.1131,-w 1800 -b 100 -r 10
218,transit,13.0642201835,4.0,25.0,5.76302408672,13.6100917431,4.0,28.0,6.23423645197,91,119,4,218.0,74.7094027523,4.9991,2671.44,311.903207775,tw-limprovement,jdrasil-b75t1800-n1,3.9866,"(0, 25]",311.916475635,16109.9589,73.8988940367,2670.7556,"-w 3600 -b 100 -r 10 -s jdrasil -a '"" -log -t 1800 -e PBLib_incremental ""'"
216,transit,12.9537037037,4.0,25.0,5.68291484209,13.4953703704,4.0,28.0,6.1470338358,90,117,4,216.0,67.1287680556,4.6118,3596.94,308.739849326,tw-limprovement,jdrasil-b100-n1,3.9376,"(0, 25]",308.724577693,14337.0845,66.3753912037,3596.204,"-w 1800 -b 100 -r 10 -s jdrasil -a '"" -log -t 900 -e PBLib_incremental ""'"
218,transit,13.0688073394,4.0,25.0,5.77774527878,13.6009174312,4.0,27.0,6.21440270644,90,116,3,218.0,16.3475178899,4.6539,164.714,18.0326153286,tw-limprovement,jdrasil-b75-n1,3.9566,"(0, 25]",17.9980900398,3398.5151,15.5895188073,164.056,"-w 1800 -b 75 -r 10 -s jdrasil -a '"" -log -t 900 -e PBLib_incremental ""'"
206,transit,12.4126213592,4.0,25.0,5.32821627796,12.9417475728,4.0,26.0,5.80466631922,82,109,5,206.0,78.3206572816,2.4039,5717.96,442.312511276,tw-limprovement,tcs-b125-n1,1.7363,"(0, 25]",442.303490485,15993.9159,77.6403684466,5717.2344,-w 1800 -b 125 -r 10
210,transit,12.7285714286,4.0,25.0,5.58515144018,13.2428571429,4.0,28.0,6.02332558707,84,108,4,210.0,109.571134762,4.2141,5379.63,557.255105168,tw-limprovement,jdrasil-b125-n1,3.6416,"(0, 25]",557.247194102,22836.3949,108.744737619,5378.9093,"-w 1800 -b 125 -r 10 -s jdrasil -a '"" -log -t 900 -e PBLib_incremental ""'"
207,transit,12.6280193237,4.0,25.0,5.56355926444,13.115942029,4.0,28.0,5.97211050143,81,101,4,207.0,46.8379908213,4.0906,1684.02,196.695221333,tw-limprovement,jdrasil-b150-n1,3.4983,"(0, 25]",196.692590005,9523.9036,46.0091961353,1683.1807,"-w 1800 -b 150 -r 10 -s jdrasil -a '"" -log -t 900 -e PBLib_incremental ""'"
219,transit,13.1232876712,4.0,25.0,5.88875122386,13.5753424658,4.0,27.0,6.21167399372,84,99,4,219.0,6.30000684932,2.1523,34.7784,4.55135622632,tw-limprovement,tcs-b50-n1,1.6343,"(0, 25]",4.57268176788,1245.1436,5.68558721461,34.2271,-w 1800 -b 50 -r 10
218,transit,13.1513761468,4.0,25.0,5.88444978308,13.6009174312,4.0,27.0,6.21440270644,84,98,3,218.0,28.1954009174,5.0397,3604.4,243.431079421,tw-limprovement,jdrasil-b50-n1,3.9784,"(0, 25]",243.431458582,5992.7118,27.4895036697,3603.709,"-w 1800 -b 50 -r 10 -s jdrasil -a '"" -log -t 900 -e PBLib_incremental ""'"
202,transit,12.2425742574,4.0,25.0,5.23911516084,12.7227722772,4.0,26.0,5.64297443158,78,97,5,202.0,56.5244633663,2.2625,5802.72,418.836010538,tw-limprovement,tcs-b150-n1,1.7035,"(0, 25]",418.833990659,11276.042,55.821990099,5802.0079,-w 1800 -b 150 -r 10
213,transit,13.1361502347,4.0,25.0,5.85962023175,13.220657277,4.0,26.0,5.92111233334,17,18,2,213.0,3.15108262911,1.1531,28.1656,2.82155182916,tw-limprovement,htd-b100-n1,0.5152,"(0, 25]",2.78675071521,531.7531,2.49649342723,27.3095,-w 1800 -b 100 -r 10 -s htd_main
213,transit,13.1455399061,4.0,25.0,5.86502596261,13.220657277,4.0,26.0,5.92111233334,15,16,2,213.0,3.17866948357,1.3772,33.4557,3.07974209703,tw-limprovement,htd-b150-n1,0.7434,"(0, 25]",3.05567587282,540.0238,2.53532300469,32.5722,-w 1800 -b 150 -r 10 -s htd_main
210,transit,13.0476190476,4.0,25.0,5.8414145111,13.1238095238,4.0,25.0,5.81895144716,16,16,1,210.0,16.606397619,3.8432,1806.3,124.131059772,tw-limprovement,jdrasil-b25-n1,3.2725,"(0, 25]",124.130783099,3355.215,15.9772142857,1805.6709,"-w 1800 -b 25 -r 10 -s jdrasil -a '"" -log -t 900 -e PBLib_incremental ""'"
61,transit,33.8852459016,26.0,48.0,6.34323356198,36.3442622951,27.0,53.0,7.00924448116,48,150,6,61.0,179.690960656,15.7651,1239.73,273.20459772,tw-limprovement,jdrasil-b100-n1,15.0941,"(25, 50]",273.250363541,10915.1721,178.937247541,1239.0688,"-w 1800 -b 100 -r 10 -s jdrasil -a '"" -log -t 900 -e PBLib_incremental ""'"
61,transit,33.8852459016,26.0,48.0,6.34323356198,36.3442622951,27.0,53.0,7.00924448116,48,150,6,61.0,181.956891803,15.9256,1297.66,275.81180947,tw-limprovement,jdrasil-b75t1800-n1,15.1682,"(25, 50]",275.806143013,11048.6904,181.126072131,1296.8739,"-w 3600 -b 100 -r 10 -s jdrasil -a '"" -log -t 1800 -e PBLib_incremental ""'"
48,transit,33.6666666667,26.0,49.0,5.96562255614,36.5625,27.0,53.0,7.16048925584,38,139,7,48.0,448.665564583,15.2584,2556.35,650.507805068,tw-limprovement,jdrasil-b125-n1,14.4501,"(25, 50]",650.526919007,21497.312,447.860666667,2555.8025,"-w 1800 -b 125 -r 10 -s jdrasil -a '"" -log -t 900 -e PBLib_incremental ""'"
63,transit,33.8412698413,26.0,50.0,6.18063142511,36.0158730159,27.0,53.0,6.65628992732,45,137,7,63.0,37.937352381,8.7006,200.236,35.9860801492,tw-limprovement,tcs-b75-n1,8.0031,"(25, 50]",35.9985390839,2351.9933,37.3332269841,199.6288,-w 1800 -b 75 -r 10
62,transit,33.7096774194,26.0,47.0,5.72422833735,35.7419354839,27.0,51.0,6.34250683199,46,126,7,62.0,48.6473080645,13.6283,304.624,40.6559484518,tw-limprovement,jdrasil-b75-n1,13.015,"(25, 50]",40.5744241592,2967.611,47.8646935484,302.9337,"-w 1800 -b 75 -r 10 -s jdrasil -a '"" -log -t 900 -e PBLib_incremental ""'"
46,transit,34.0434782609,26.0,46.0,5.93279593723,36.3043478261,27.0,51.0,6.91494216323,32,104,9,46.0,759.793565217,8.9958,4717.57,1250.95349182,tw-limprovement,tcs-b100-n1,8.3078,"(25, 50]",1251.08734801,34906.1536,758.829426087,4716.8183,-w 1800 -b 100 -r 10
39,transit,32.358974359,26.0,44.0,4.6253715611,34.9230769231,27.0,46.0,5.86418485108,29,100,9,39.0,421.322012821,14.3252,2329.22,625.084234788,tw-limprovement,jdrasil-b150-n1,13.4588,"(25, 50]",625.111491925,16399.2568,420.493764103,2328.4957,"-w 1800 -b 150 -r 10 -s jdrasil -a '"" -log -t 900 -e PBLib_incremental ""'"
27,transit,32.5185185185,26.0,47.0,6.62379376752,34.1111111111,27.0,53.0,7.74265574262,18,43,6,27.0,1466.45856667,8.9871,6672.34,1862.15189558,tw-limprovement,tcs-b125-n1,8.1775,"(25, 50]",1862.14820187,39575.4085,1465.75587037,6671.64,-w 1800 -b 125 -r 10
68,transit,34.3529411765,26.0,49.0,6.46174669303,34.8970588235,26.0,51.0,6.64255773855,21,37,4,68.0,7.21212647059,2.4792,16.9218,3.4511970063,tw-limprovement,htd-b100-n1,1.9268,"(25, 50]",3.45886413706,442.8876,6.51305294118,16.2922,-w 1800 -b 100 -r 10 -s htd_main
61,transit,34.8852459016,26.0,46.0,6.50665905222,35.4918032787,27.0,46.0,6.07898826785,17,37,4,61.0,22.3256065574,10.1791,61.7618,11.5772847173,tw-limprovement,jdrasil-b50-n1,9.456,"(25, 50]",11.5593524396,1319.1961,21.6261655738,60.8655,"-w 1800 -b 50 -r 10 -s jdrasil -a '"" -log -t 900 -e PBLib_incremental ""'"
61,transit,35.0819672131,26.0,46.0,6.41169525676,35.4918032787,27.0,46.0,6.07898826785,18,25,3,61.0,15.0237180328,6.4023,31.6389,4.70903233122,tw-limprovement,tcs-b50-n1,5.8836,"(25, 50]",4.70500377401,880.3119,14.431342623,30.9973,-w 1800 -b 50 -r 10
68,transit,34.5441176471,26.0,49.0,6.4863434575,34.8970588235,26.0,51.0,6.64255773855,17,24,3,68.0,6.82113676471,2.1569,16.9619,3.21724915834,tw-limprovement,htd-b150-n1,1.3561,"(25, 50]",3.20762364008,415.8481,6.11541323529,16.3653,-w 1800 -b 150 -r 10 -s htd_main
15,transit,30.0666666667,26.0,38.0,3.61478445646,30.6666666667,27.0,39.0,3.71611676479,7,9,2,15.0,1104.89914667,9.0902,4008.61,1626.3484301,tw-limprovement,tcs-b150-n1,8.3134,"(25, 50]",1626.36907116,16562.7734,1104.18489333,4008.0048,-w 1800 -b 150 -r 10
18,transit,58.2777777778,51.0,75.0,8.01326514603,61.0555555556,53.0,83.0,8.68041895317,14,50,9,18.0,746.428144444,15.8526,6315.92,1531.1363499,tw-limprovement,tcs-b100-n1,15.1395,"(50, 75]",1531.13497737,13417.3591,745.408838889,6315.1581,-w 1800 -b 100 -r 10
15,transit,58.7333333333,51.0,74.0,7.34328329317,61.8,53.0,83.0,8.93788086102,14,46,9,15.0,283.381146667,33.3323,1850.28,451.981338831,tw-limprovement,jdrasil-b125-n1,32.6706,"(50, 75]",452.037161861,4238.122,282.541466667,1849.6203,"-w 1800 -b 125 -r 10 -s jdrasil -a '"" -log -t 900 -e PBLib_incremental ""'"
16,transit,60.1875,51.0,74.0,7.46742927653,62.0625,53.0,83.0,8.69841939665,11,30,9,16.0,84.29026875,28.5105,229.737,52.4399137036,tw-limprovement,jdrasil-b75t1800-n1,27.8817,"(50, 75]",52.4122841089,1336.4392,83.52745,228.9495,"-w 3600 -b 100 -r 10 -s jdrasil -a '"" -log -t 1800 -e PBLib_incremental ""'"
10,transit,59.4,51.0,74.0,8.36925590745,62.4,53.0,83.0,10.2436972492,9,30,9,10.0,307.129,37.1922,1119.02,376.733958685,tw-limprovement,jdrasil-b150-n1,36.3291,"(50, 75]",376.804360508,3063.3431,306.33431,1118.3815,"-w 1800 -b 150 -r 10 -s jdrasil -a '"" -log -t 900 -e PBLib_incremental ""'"
16,transit,60.3125,51.0,75.0,7.6569685037,62.0625,53.0,83.0,8.69841939665,10,28,8,16.0,81.69909375,31.1369,268.687,59.7115072102,tw-limprovement,jdrasil-b100-n1,30.1456,"(50, 75]",59.724569266,1295.1194,80.9449625,267.7927,"-w 1800 -b 100 -r 10 -s jdrasil -a '"" -log -t 900 -e PBLib_incremental ""'"
8,transit,60.625,51.0,70.0,7.20986427453,63.25,53.0,72.0,7.34360752141,7,21,6,8.0,768.636125,16.8698,4724.17,1611.49879881,tw-limprovement,tcs-b125-n1,16.0527,"(50, 75]",1611.51773854,6143.5091,767.9386375,4723.5097,-w 1800 -b 125 -r 10
17,transit,59.0,51.0,72.0,7.39087274955,59.7647058824,53.0,72.0,6.94198649311,7,13,3,17.0,9.53587647059,5.2537,14.1698,2.84510059851,tw-limprovement,htd-b100-n1,4.5963,"(50, 75]",2.87642100685,151.4864,8.91096470588,13.597,-w 1800 -b 100 -r 10 -s htd_main
17,transit,59.1176470588,51.0,72.0,7.15788335457,59.7647058824,53.0,72.0,6.94198649311,6,11,2,17.0,9.35191176471,3.6681,13.6499,2.7298160446,tw-limprovement,htd-b150-n1,2.6935,"(50, 75]",2.75870300741,147.7843,8.69319411765,12.9372,-w 1800 -b 150 -r 10 -s htd_main
4,transit,56.75,51.0,62.0,4.78713553878,59.5,53.0,64.0,4.79583152331,3,11,5,4.0,1743.9818,16.2262,3555.74,1944.51672006,tw-limprovement,tcs-b150-n1,15.6029,"(50, 75]",1944.48639337,6973.0026,1743.25065,3554.998,-w 1800 -b 150 -r 10
17,transit,59.2352941176,51.0,72.0,7.41223154459,59.7647058824,53.0,72.0,6.94198649311,4,9,3,17.0,36.4247882353,19.0933,161.925,33.6765627885,tw-limprovement,jdrasil-b75-n1,18.4417,"(50, 75]",33.5446697756,607.176,35.7162352941,160.6461,"-w 1800 -b 75 -r 10 -s jdrasil -a '"" -log -t 900 -e PBLib_incremental ""'"
16,transit,59.9375,51.0,72.0,7.24310016498,60.1875,53.0,72.0,6.93992074883,2,4,2,16.0,32.43823125,19.7278,66.4699,13.4308530282,tw-limprovement,tcs-b75-n1,19.1466,"(50, 75]",13.4289270578,509.4065,31.83790625,65.9564,-w 1800 -b 75 -r 10
1,transit,92.0,92.0,92.0,,97.0,97.0,97.0,,1,5,5,1.0,128.599,128.599,128.599,,tw-limprovement,tcs-b150-n1,127.9898,"(75, 100]",,127.9898,127.9898,127.9898,-w 1800 -b 150 -r 10
1,transit,92.0,92.0,92.0,,97.0,97.0,97.0,,1,5,5,1.0,543.403,543.403,543.403,,tw-limprovement,jdrasil-b150-n1,542.5148,"(75, 100]",,542.5148,542.5148,542.5148,"-w 1800 -b 150 -r 10 -s jdrasil -a '"" -log -t 900 -e PBLib_incremental ""'"
2,transit,88.0,83.0,93.0,7.07106781187,90.0,83.0,97.0,9.89949493661,1,4,4,2.0,25.4661,8.6892,42.243,23.7261195146,tw-limprovement,htd-b150-n1,8.1266,"(75, 100]",23.7087246878,49.7824,24.8912,41.6558,-w 1800 -b 150 -r 10 -s htd_main
141,twlib,14.5957446809,3.0,25.0,5.99163550699,15.1843971631,3.0,30.0,6.4449347075,51,83,5,141.0,136.25532766,2.5289,5834.91,625.087893816,tw-limprovement,tcs-b100-n1,1.796,"(0, 25]",625.102664014,19108.4523,135.520938298,5834.2918,-w 1800 -b 100 -r 10
143,twlib,14.6923076923,3.0,25.0,6.00379078516,15.2517482517,3.0,30.0,6.40143968344,51,80,5,143.0,141.232976923,2.1418,4606.28,698.368350966,tw-limprovement,tcs-b75-n1,1.5755,"(0, 25]",698.345754436,20098.1673,140.546624476,4605.6339,-w 1800 -b 75 -r 10
150,twlib,15.0866666667,3.0,25.0,6.0544915566,15.5733333333,3.0,30.0,6.34081978341,51,73,5,150.0,30.0278173333,6.1546,924.122,86.9235020361,tw-limprovement,jdrasil-b75-n1,5.1904,"(0, 25]",86.9327203295,4383.2779,29.2218526667,923.3876,"-w 1800 -b 75 -r 10 -s jdrasil -a '"" -log -t 900 -e PBLib_incremental ""'"
137,twlib,14.2919708029,3.0,25.0,5.81979454855,14.7883211679,3.0,28.0,6.11342622831,48,68,5,137.0,127.991978832,3.0507,6020.48,609.304472132,tw-limprovement,tcs-b125-n1,2.472,"(0, 25]",609.309548092,17441.4358,127.309750365,6019.8008,-w 1800 -b 125 -r 10
135,twlib,14.2074074074,3.0,25.0,5.82082762784,14.7111111111,3.0,28.0,6.12538962107,48,68,5,135.0,147.09838963,2.9803,5715.01,724.110192301,tw-limprovement,tcs-b150-n1,2.4205,"(0, 25]",724.111010194,19758.8302,146.361705185,5714.376,-w 1800 -b 150 -r 10
147,twlib,14.9047619048,3.0,25.0,5.97292215643,15.3537414966,3.0,28.0,6.20517097784,49,66,3,147.0,72.7595435374,5.8852,3716.43,358.972339349,tw-limprovement,jdrasil-b100-n1,5.2717,"(0, 25]",358.967784751,10572.4628,71.9215156463,3715.8531,"-w 1800 -b 100 -r 10 -s jdrasil -a '"" -log -t 900 -e PBLib_incremental ""'"
146,twlib,14.8561643836,3.0,25.0,5.96424949873,15.301369863,3.0,28.0,6.19384551377,48,65,3,146.0,53.6096280822,4.2298,2235.36,242.396152064,tw-limprovement,jdrasil-b75t1800-n1,3.4901,"(0, 25]",242.399162288,7703.294,52.7622876712,2234.5656,"-w 3600 -b 100 -r 10 -s jdrasil -a '"" -log -t 1800 -e PBLib_incremental ""'"
149,twlib,15.0,3.0,25.0,5.98985629029,15.4295302013,3.0,27.0,6.17455002579,48,64,3,149.0,20.1146731544,5.7505,1068.39,86.726740156,tw-limprovement,jdrasil-b50-n1,5.1432,"(0, 25]",86.7165193541,2891.4513,19.4057134228,1067.5678,"-w 1800 -b 50 -r 10 -s jdrasil -a '"" -log -t 900 -e PBLib_incremental ""'"
145,twlib,14.8,3.0,25.0,5.94371750488,15.2344827586,3.0,30.0,6.16893403486,47,63,5,145.0,67.1651227586,5.892,2023.74,277.096559245,tw-limprovement,jdrasil-b125-n1,5.2734,"(0, 25]",277.122160918,9623.3476,66.3679144828,2023.1161,"-w 1800 -b 125 -r 10 -s jdrasil -a '"" -log -t 900 -e PBLib_incremental ""'"
148,twlib,14.8513513514,3.0,25.0,5.98452069571,15.25,3.0,27.0,6.13440725588,45,59,3,148.0,74.008047973,2.6625,3682.41,403.960730462,tw-limprovement,tcs-b50-n1,2.0064,"(0, 25]",403.929333853,10854.7435,73.3428614865,3681.3569,-w 1800 -b 50 -r 10
143,twlib,14.6783216783,3.0,25.0,5.89174810688,15.0629370629,3.0,27.0,6.02952452195,45,55,2,143.0,69.401493007,5.0381,5311.9,460.527570106,tw-limprovement,jdrasil-b150-n1,4.4581,"(0, 25]",460.528382812,9814.9067,68.6357111888,5311.1639,"-w 1800 -b 150 -r 10 -s jdrasil -a '"" -log -t 900 -e PBLib_incremental ""'"
146,twlib,15.0,3.0,25.0,5.97696728542,15.1369863014,3.0,27.0,6.06928972381,18,20,2,146.0,3.39810479452,1.2276,15.9071,2.75228126912,tw-limprovement,htd-b150-n1,0.5472,"(0, 25]",2.75010107519,399.6755,2.73750342466,15.3272,-w 1800 -b 150 -r 10 -s htd_main
146,twlib,14.9520547945,3.0,24.0,5.92054539867,15.0684931507,3.0,25.0,5.99040328416,16,17,2,146.0,3.46637534247,1.1078,15.7731,2.68792211021,tw-limprovement,htd-b100-n1,0.5179,"(0, 25]",2.70534849436,402.6654,2.75798219178,15.2102,-w 1800 -b 100 -r 10 -s htd_main
146,twlib,15.0,3.0,25.0,6.01836270552,15.0684931507,3.0,25.0,5.99040328416,9,10,2,146.0,8.88292260274,4.1323,22.9543,3.04981169105,tw-limprovement,jdrasil-b25-n1,3.5493,"(0, 25]",3.04926607161,1200.4052,8.22195342466,22.3624,"-w 1800 -b 25 -r 10 -s jdrasil -a '"" -log -t 900 -e PBLib_incremental ""'"
136,twlib,40.6323529412,26.0,50.0,7.14071147356,42.9632352941,26.0,56.0,7.7540031126,86,317,10,136.0,311.829321324,7.8057,7189.68,946.366525113,tw-limprovement,jdrasil-b125-n1,7.1488,"(25, 50]",946.381187733,42297.5704,311.011547059,7188.9699,"-w 1800 -b 125 -r 10 -s jdrasil -a '"" -log -t 900 -e PBLib_incremental ""'"
146,twlib,39.8219178082,26.0,50.0,7.53445870788,41.8767123288,26.0,56.0,7.95668481559,91,300,11,146.0,190.472528082,9.0622,3483.1,535.412351694,tw-limprovement,jdrasil-b75t1800-n1,8.335,"(25, 50]",535.412463108,27685.5629,189.627143151,3482.1388,"-w 3600 -b 100 -r 10 -s jdrasil -a '"" -log -t 1800 -e PBLib_incremental ""'"
143,twlib,40.0769230769,26.0,50.0,7.39725579406,42.1398601399,26.0,56.0,7.82160370304,88,295,11,143.0,170.696386713,7.3474,5528.31,664.184397285,tw-limprovement,jdrasil-b100-n1,6.774,"(25, 50]",664.202437754,24291.7748,169.872551049,5527.7199,"-w 1800 -b 100 -r 10 -s jdrasil -a '"" -log -t 900 -e PBLib_incremental ""'"
118,twlib,38.5084745763,26.0,50.0,7.61661001237,40.9152542373,26.0,56.0,8.3436615701,83,284,12,118.0,176.532944068,5.9799,3628.87,436.766547457,tw-limprovement,tcs-b100-n1,5.4805,"(25, 50]",436.773233301,20733.6272,175.708705085,3628.1785,-w 1800 -b 100 -r 10
127,twlib,40.1338582677,26.0,50.0,7.43689024949,42.3464566929,26.0,59.0,8.02612594362,80,281,9,127.0,456.523837008,10.3202,5701.56,999.267190262,tw-limprovement,jdrasil-b150-n1,9.511,"(25, 50]",999.304859516,57864.1433,455.623175591,5700.988,"-w 1800 -b 150 -r 10 -s jdrasil -a '"" -log -t 900 -e PBLib_incremental ""'"
149,twlib,39.4429530201,26.0,50.0,7.45924290624,41.2147651007,26.0,56.0,7.83405917909,81,264,12,149.0,41.6915040268,7.2685,630.693,55.0261989725,tw-limprovement,jdrasil-b75-n1,6.1145,"(25, 50]",54.9785709401,6093.2732,40.8944510067,629.2223,"-w 1800 -b 75 -r 10 -s jdrasil -a '"" -log -t 900 -e PBLib_incremental ""'"
146,twlib,39.5342465753,26.0,50.0,7.52207270001,41.3082191781,26.0,56.0,7.85433336884,77,259,12,146.0,50.4242561644,7.1168,1784.31,157.193152847,tw-limprovement,tcs-b75-n1,6.5684,"(25, 50]",157.184381086,7269.0255,49.7878458904,1783.6775,-w 1800 -b 75 -r 10
101,twlib,38.0594059406,26.0,50.0,7.52173089412,40.6237623762,26.0,59.0,8.37597932799,74,259,9,101.0,419.979824752,6.3122,6371.27,1038.13235055,tw-limprovement,tcs-b125-n1,5.5775,"(25, 50]",1038.12785397,42347.4148,419.281334653,6370.5647,-w 1800 -b 125 -r 10
80,twlib,37.8375,26.0,50.0,7.42292676592,40.1375,26.0,54.0,8.13609515086,56,184,9,80.0,201.72857625,6.4624,3117.51,553.115543667,tw-limprovement,tcs-b150-n1,5.6323,"(25, 50]",553.1116747,16081.3667,201.01708375,3116.7735,-w 1800 -b 150 -r 10
139,twlib,39.309352518,26.0,50.0,7.8101095029,39.8417266187,26.0,50.0,7.4932423593,27,74,8,139.0,16.3973431655,7.0745,33.4646,6.18569088123,tw-limprovement,jdrasil-b50-n1,6.5081,"(25, 50]",6.16647852925,2180.8944,15.6898877698,32.2105,"-w 1800 -b 50 -r 10 -s jdrasil -a '"" -log -t 900 -e PBLib_incremental ""'"
145,twlib,39.3586206897,26.0,50.0,7.62823325081,39.8068965517,26.0,52.0,7.78022471088,29,65,8,145.0,5.46477034483,1.2906,25.3185,3.70140136465,tw-limprovement,htd-b150-n1,0.6719,"(25, 50]",3.71105448613,698.0645,4.81423793103,24.5948,-w 1800 -b 150 -r 10 -s htd_main
146,twlib,39.3150684932,26.0,50.0,7.71809644627,39.7191780822,26.0,52.0,7.82546078906,24,59,8,146.0,5.43255616438,1.2413,24.4013,3.65457216599,tw-limprovement,htd-b100-n1,0.6961,"(25, 50]",3.66862630242,699.4874,4.79100958904,23.8668,-w 1800 -b 100 -r 10 -s htd_main
134,twlib,39.6567164179,26.0,50.0,7.78383178501,40.0597014925,26.0,50.0,7.54212350588,23,54,9,134.0,14.211061194,6.1005,31.5431,5.61330643231,tw-limprovement,tcs-b50-n1,5.5414,"(25, 50]",5.58091685868,1818.5178,13.5710283582,30.8589,-w 1800 -b 50 -r 10
48,twlib,56.6041666667,51.0,72.0,5.12291299835,58.3958333333,52.0,73.0,5.08539662812,34,86,10,48.0,255.2932625,12.8889,3531.1,551.162372708,tw-limprovement,jdrasil-b125-n1,11.8686,"(50, 75]",551.190510244,12211.8899,254.414372917,3530.3693,"-w 1800 -b 125 -r 10 -s jdrasil -a '"" -log -t 900 -e PBLib_incremental ""'"
37,twlib,56.1621621622,51.0,72.0,5.03053737749,58.1081081081,52.0,73.0,5.04305784544,28,72,7,37.0,679.268454054,11.2307,5581.08,1599.27657493,tw-limprovement,tcs-b125-n1,10.5046,"(50, 75]",1599.26826766,25107.5205,678.581635135,5580.3181,-w 1800 -b 125 -r 10
38,twlib,56.5526315789,51.0,71.0,5.40618948794,58.2894736842,52.0,73.0,5.20347022843,28,66,7,38.0,472.00465,15.1106,3953.48,895.679467403,tw-limprovement,jdrasil-b150-n1,14.2278,"(50, 75]",895.682937889,17903.4974,471.144668421,3952.9023,"-w 1800 -b 150 -r 10 -s jdrasil -a '"" -log -t 900 -e PBLib_incremental ""'"
64,twlib,57.109375,51.0,73.0,5.17355052164,58.078125,51.0,73.0,4.82488485758,30,62,4,64.0,98.765209375,12.5075,736.734,154.408291774,tw-limprovement,jdrasil-b75t1800-n1,11.9436,"(50, 75]",154.392368028,6266.2359,97.9099359375,735.9466,"-w 3600 -b 100 -r 10 -s jdrasil -a '"" -log -t 1800 -e PBLib_incremental ""'"
64,twlib,57.125,51.0,73.0,5.1593650403,58.078125,51.0,73.0,4.82488485758,30,61,4,64.0,94.9031875,13.4046,668.766,149.516561766,tw-limprovement,jdrasil-b100-n1,12.782,"(50, 75]",149.545774316,6018.2277,94.0348078125,668.1751,"-w 1800 -b 100 -r 10 -s jdrasil -a '"" -log -t 900 -e PBLib_incremental ""'"
73,twlib,56.7671232877,51.0,73.0,5.3684276302,57.4794520548,51.0,73.0,4.82214103278,24,52,4,73.0,26.7649041096,12.0465,83.882,11.2713572697,tw-limprovement,jdrasil-b75-n1,11.4867,"(50, 75]",11.2539073507,1895.8648,25.9707506849,83.2778,"-w 1800 -b 75 -r 10 -s jdrasil -a '"" -log -t 900 -e PBLib_incremental ""'"
68,twlib,56.5735294118,51.0,73.0,5.25560447542,57.2941176471,51.0,73.0,4.74124117363,24,49,4,68.0,28.0963882353,12.2395,233.438,26.3020270677,tw-limprovement,tcs-b75-n1,11.7206,"(50, 75]",26.2876164248,1866.2775,27.4452573529,232.5967,-w 1800 -b 75 -r 10
57,twlib,57.5263157895,51.0,73.0,5.61282098401,58.3157894737,51.0,73.0,5.43519579992,24,45,4,57.0,189.892754386,12.2082,3525.68,643.504079017,tw-limprovement,tcs-b100-n1,11.5301,"(50, 75]",643.531162841,10778.4768,189.096084211,3524.9975,-w 1800 -b 100 -r 10
24,twlib,56.2916666667,51.0,71.0,5.55978703585,58.0,52.0,73.0,5.64916307768,19,41,5,24.0,778.317304167,10.7425,6647.75,1508.68934202,tw-limprovement,tcs-b150-n1,10.0878,"(50, 75]",1508.67610211,18662.0156,777.583983333,6647.0241,-w 1800 -b 150 -r 10
84,twlib,56.3333333333,51.0,73.0,5.09271469571,56.75,51.0,73.0,4.90113092432,24,35,3,84.0,6.91691428571,1.507,20.8834,4.29959942878,tw-limprovement,htd-b150-n1,0.9624,"(50, 75]",4.33035676177,525.7557,6.25899642857,20.3137,-w 1800 -b 150 -r 10 -s htd_main
84,twlib,56.4166666667,51.0,73.0,5.05680582389,56.75,51.0,73.0,4.90113092432,19,28,3,84.0,7.08513095238,1.84,20.7497,4.29905220908,tw-limprovement,htd-b100-n1,1.2768,"(50, 75]",4.33217407432,539.8745,6.42707738095,20.1769,-w 1800 -b 100 -r 10 -s htd_main
21,twlib,84.8095238095,79.0,92.0,4.03260520779,88.3333333333,80.0,95.0,4.15130501569,15,74,8,21.0,229.059914286,37.0277,1262.78,270.393612364,tw-limprovement,jdrasil-b125-n1,36.0282,"(75, 100]",270.444025491,4793.8289,228.277566667,1262.2187,"-w 1800 -b 125 -r 10 -s jdrasil -a '"" -log -t 900 -e PBLib_incremental ""'"
15,twlib,83.6,78.0,92.0,4.79285182031,87.0,80.0,92.0,4.12310562562,10,51,7,15.0,241.317833333,33.8326,688.118,230.218706359,tw-limprovement,jdrasil-b150-n1,33.2007,"(75, 100]",230.293529906,3607.4425,240.496166667,687.4331,"-w 1800 -b 150 -r 10 -s jdrasil -a '"" -log -t 900 -e PBLib_incremental ""'"
15,twlib,86.4666666667,80.0,92.0,3.66190166574,89.8666666667,80.0,95.0,3.54293394694,11,51,9,15.0,473.958186667,77.265,1264.9,407.647305611,tw-limprovement,tcs-b125-n1,76.6145,"(75, 100]",407.631484177,7099.5815,473.305433333,1264.0361,-w 1800 -b 125 -r 10
20,twlib,88.0,80.0,95.0,4.472135955,89.2,80.0,95.0,3.47320570867,6,24,6,20.0,39.978575,30.5648,78.0468,13.7905049095,tw-limprovement,tcs-b100-n1,29.5015,"(75, 100]",13.8514163842,784.4076,39.22038,77.3302,-w 1800 -b 100 -r 10
22,twlib,87.4545454545,80.0,95.0,4.5849367522,88.4545454545,80.0,95.0,4.09095719067,5,22,6,22.0,61.5268181818,18.8432,233.919,59.5189882057,tw-limprovement,jdrasil-b100-n1,18.3197,"(75, 100]",59.5722774364,1334.7665,60.6712045455,233.3187,"-w 1800 -b 100 -r 10 -s jdrasil -a '"" -log -t 900 -e PBLib_incremental ""'"
22,twlib,87.4545454545,80.0,95.0,4.5849367522,88.4545454545,80.0,95.0,4.09095719067,5,22,6,22.0,63.8318090909,18.9725,250.999,61.662036429,tw-limprovement,jdrasil-b75t1800-n1,17.4802,"(75, 100]",61.7159186997,1385.5372,62.9789636364,250.4328,"-w 3600 -b 100 -r 10 -s jdrasil -a '"" -log -t 1800 -e PBLib_incremental ""'"
22,twlib,88.3636363636,80.0,95.0,4.16956609077,88.4545454545,80.0,95.0,4.09095719067,1,2,2,22.0,8.84729545455,3.9417,32.9516,6.91356983244,tw-limprovement,htd-b100-n1,3.3477,"(75, 100]",6.9539891323,177.6951,8.07705,32.2959,-w 1800 -b 100 -r 10 -s htd_main
4,twlib,88.75,79.0,92.0,6.5,89.0,80.0,92.0,6.0,1,1,1,4.0,95.358575,93.5636,97.4897,1.77140217036,tw-limprovement,tcs-b150-n1,92.7798,"(75, 100]",1.76211611115,378.2749,94.568725,96.6835,-w 1800 -b 150 -r 10
13,twlib,114.538461538,108.0,119.0,3.66550098021,119.384615385,114.0,126.0,5.17265988215,9,63,9,13.0,253.647792308,26.938,476.751,166.926396603,tw-limprovement,jdrasil-b150-n1,25.85,"(100, 125]",167.028100803,3287.216,252.862769231,476.1883,"-w 1800 -b 150 -r 10 -s jdrasil -a '"" -log -t 900 -e PBLib_incremental ""'"
11,twlib,114.636363636,109.0,119.0,3.38445644891,119.0,114.0,126.0,5.34789678285,7,48,10,11.0,361.490227273,43.9423,1213.79,351.265541851,tw-limprovement,tcs-b150-n1,43.2605,"(100, 125]",351.242146948,3968.328,360.757090909,1212.9848,-w 1800 -b 150 -r 10
11,twlib,117.363636364,111.0,125.0,5.4272042024,118.181818182,114.0,125.0,4.66515126911,3,9,5,11.0,123.088927273,22.7487,478.07,173.214931428,tw-limprovement,jdrasil-b125-n1,22.1119,"(100, 125]",173.19110617,1346.7432,122.4312,477.4467,"-w 1800 -b 125 -r 10 -s jdrasil -a '"" -log -t 900 -e PBLib_incremental ""'"
11,twlib,117.636363636,111.0,125.0,5.20139841336,118.181818182,114.0,125.0,4.66515126911,2,6,5,11.0,58.6193636364,43.5797,103.424,18.9553611991,tw-limprovement,tcs-b125-n1,42.9853,"(100, 125]",18.9083930578,637.4125,57.9465909091,102.6395,-w 1800 -b 125 -r 10
11,twlib,117.818181818,113.0,125.0,4.85423900974,118.181818182,114.0,125.0,4.66515126911,2,4,3,11.0,9.47998181818,7.452,10.913,0.945822998048,tw-limprovement,htd-b150-n1,6.8892,"(100, 125]",0.896631130703,97.4164,8.85603636364,10.2361,-w 1800 -b 150 -r 10 -s htd_main
